Orthogroup	Coprinopsis	Rhizophagus	Verticillium
OG0000000	jgi|Copci_AmutBmut1|475308|estExt_fgenesh1_pm.C_120023	RhiirFUN_000046-T1_RhiirFUN_000046, RhiirFUN_000051-T1_RhiirFUN_000051, RhiirFUN_000312-T1_RhiirFUN_000312, RhiirFUN_000321-T1_RhiirFUN_000321, RhiirFUN_001039-T1_RhiirFUN_001039, RhiirFUN_001042-T1_RhiirFUN_001042, RhiirFUN_001043-T1_RhiirFUN_001043, RhiirFUN_001044-T1_RhiirFUN_001044, RhiirFUN_002709-T1_RhiirFUN_002709, RhiirFUN_004866-T1_RhiirFUN_004866, RhiirFUN_005213-T1_RhiirFUN_005213, RhiirFUN_005283-T1_RhiirFUN_005283, RhiirFUN_005383-T1_RhiirFUN_005383, RhiirFUN_005385-T1_RhiirFUN_005385, RhiirFUN_005386-T1_RhiirFUN_005386, RhiirFUN_005387-T1_RhiirFUN_005387, RhiirFUN_005388-T1_RhiirFUN_005388, RhiirFUN_005393-T1_RhiirFUN_005393, RhiirFUN_005395-T1_RhiirFUN_005395, RhiirFUN_005396-T1_RhiirFUN_005396, RhiirFUN_005399-T1_RhiirFUN_005399, RhiirFUN_005425-T1_RhiirFUN_005425, RhiirFUN_005453-T1_RhiirFUN_005453, RhiirFUN_007363-T1_RhiirFUN_007363, RhiirFUN_007423-T1_RhiirFUN_007423, RhiirFUN_008720-T1_RhiirFUN_008720, RhiirFUN_008729-T1_RhiirFUN_008729, RhiirFUN_008734-T1_RhiirFUN_008734, RhiirFUN_008736-T1_RhiirFUN_008736, RhiirFUN_008738-T1_RhiirFUN_008738, RhiirFUN_009752-T1_RhiirFUN_009752, RhiirFUN_009754-T1_RhiirFUN_009754, RhiirFUN_009755-T1_RhiirFUN_009755, RhiirFUN_010116-T1_RhiirFUN_010116, RhiirFUN_011511-T1_RhiirFUN_011511, RhiirFUN_011561-T1_RhiirFUN_011561, RhiirFUN_012207-T1_RhiirFUN_012207, RhiirFUN_012208-T1_RhiirFUN_012208, RhiirFUN_012222-T1_RhiirFUN_012222, RhiirFUN_014365-T1_RhiirFUN_014365, RhiirFUN_014371-T1_RhiirFUN_014371, RhiirFUN_014389-T1_RhiirFUN_014389, RhiirFUN_014679-T1_RhiirFUN_014679, RhiirFUN_015105-T1_RhiirFUN_015105, RhiirFUN_015106-T1_RhiirFUN_015106, RhiirFUN_015108-T1_RhiirFUN_015108, RhiirFUN_015116-T1_RhiirFUN_015116, RhiirFUN_015117-T1_RhiirFUN_015117, RhiirFUN_016525-T1_RhiirFUN_016525, RhiirFUN_016625-T1_RhiirFUN_016625, RhiirFUN_016691-T1_RhiirFUN_016691, RhiirFUN_016725-T1_RhiirFUN_016725, RhiirFUN_017454-T1_RhiirFUN_017454, RhiirFUN_017456-T1_RhiirFUN_017456, RhiirFUN_017457-T1_RhiirFUN_017457, RhiirFUN_017476-T1_RhiirFUN_017476, RhiirFUN_017483-T1_RhiirFUN_017483, RhiirFUN_017807-T1_RhiirFUN_017807, RhiirFUN_017808-T1_RhiirFUN_017808, RhiirFUN_017809-T1_RhiirFUN_017809, RhiirFUN_019966-T1_RhiirFUN_019966, RhiirFUN_020686-T1_RhiirFUN_020686, RhiirFUN_020687-T1_RhiirFUN_020687, RhiirFUN_020688-T1_RhiirFUN_020688, RhiirFUN_020700-T1_RhiirFUN_020700, RhiirFUN_020704-T1_RhiirFUN_020704, RhiirFUN_020705-T1_RhiirFUN_020705, RhiirFUN_020706-T1_RhiirFUN_020706, RhiirFUN_021313-T1_RhiirFUN_021313, RhiirFUN_022505-T1_RhiirFUN_022505, RhiirFUN_023527-T1_RhiirFUN_023527, RhiirFUN_023552-T1_RhiirFUN_023552, RhiirFUN_023732-T1_RhiirFUN_023732, RhiirFUN_023874-T1_RhiirFUN_023874, RhiirFUN_023875-T1_RhiirFUN_023875, RhiirFUN_023877-T1_RhiirFUN_023877, RhiirFUN_023878-T1_RhiirFUN_023878, RhiirFUN_023907-T1_RhiirFUN_023907, RhiirFUN_023908-T1_RhiirFUN_023908, RhiirFUN_023909-T1_RhiirFUN_023909, RhiirFUN_023982-T1_RhiirFUN_023982, RhiirFUN_024265-T1_RhiirFUN_024265, RhiirFUN_024491-T1_RhiirFUN_024491, RhiirFUN_025174-T1_RhiirFUN_025174, RhiirFUN_025290-T1_RhiirFUN_025290, RhiirFUN_025857-T1_RhiirFUN_025857, RhiirFUN_025869-T1_RhiirFUN_025869, RhiirFUN_025981-T1_RhiirFUN_025981, RhiirFUN_026103-T1_RhiirFUN_026103, RhiirFUN_026127-T1_RhiirFUN_026127, RhiirFUN_026725-T1_RhiirFUN_026725, RhiirFUN_026830-T1_RhiirFUN_026830, RhiirFUN_026833-T1_RhiirFUN_026833	VDAG_JR2_Chr1g20500
OG0000001		RhiirFUN_000749-T1_RhiirFUN_000749, RhiirFUN_000751-T1_RhiirFUN_000751, RhiirFUN_000755-T1_RhiirFUN_000755, RhiirFUN_000760-T1_RhiirFUN_000760, RhiirFUN_000762-T1_RhiirFUN_000762, RhiirFUN_001675-T1_RhiirFUN_001675, RhiirFUN_002146-T1_RhiirFUN_002146, RhiirFUN_002880-T1_RhiirFUN_002880, RhiirFUN_002884-T1_RhiirFUN_002884, RhiirFUN_003421-T1_RhiirFUN_003421, RhiirFUN_004257-T1_RhiirFUN_004257, RhiirFUN_004266-T1_RhiirFUN_004266, RhiirFUN_004271-T1_RhiirFUN_004271, RhiirFUN_004300-T1_RhiirFUN_004300, RhiirFUN_004327-T1_RhiirFUN_004327, RhiirFUN_004737-T1_RhiirFUN_004737, RhiirFUN_005654-T1_RhiirFUN_005654, RhiirFUN_005669-T1_RhiirFUN_005669, RhiirFUN_006342-T1_RhiirFUN_006342, RhiirFUN_006408-T1_RhiirFUN_006408, RhiirFUN_006443-T1_RhiirFUN_006443, RhiirFUN_007069-T1_RhiirFUN_007069, RhiirFUN_007699-T1_RhiirFUN_007699, RhiirFUN_007820-T1_RhiirFUN_007820, RhiirFUN_009682-T1_RhiirFUN_009682, RhiirFUN_009901-T1_RhiirFUN_009901, RhiirFUN_010968-T1_RhiirFUN_010968, RhiirFUN_012186-T1_RhiirFUN_012186, RhiirFUN_014674-T1_RhiirFUN_014674, RhiirFUN_015076-T1_RhiirFUN_015076, RhiirFUN_015549-T1_RhiirFUN_015549, RhiirFUN_015998-T1_RhiirFUN_015998, RhiirFUN_016334-T1_RhiirFUN_016334, RhiirFUN_016337-T1_RhiirFUN_016337, RhiirFUN_016341-T1_RhiirFUN_016341, RhiirFUN_016343-T1_RhiirFUN_016343, RhiirFUN_016730-T1_RhiirFUN_016730, RhiirFUN_017119-T1_RhiirFUN_017119, RhiirFUN_017120-T1_RhiirFUN_017120, RhiirFUN_017148-T1_RhiirFUN_017148, RhiirFUN_017381-T1_RhiirFUN_017381, RhiirFUN_017498-T1_RhiirFUN_017498, RhiirFUN_017508-T1_RhiirFUN_017508, RhiirFUN_017521-T1_RhiirFUN_017521, RhiirFUN_017522-T1_RhiirFUN_017522, RhiirFUN_017662-T1_RhiirFUN_017662, RhiirFUN_018485-T1_RhiirFUN_018485, RhiirFUN_018492-T1_RhiirFUN_018492, RhiirFUN_018530-T1_RhiirFUN_018530, RhiirFUN_019534-T1_RhiirFUN_019534, RhiirFUN_022683-T1_RhiirFUN_022683, RhiirFUN_024774-T1_RhiirFUN_024774, RhiirFUN_024991-T1_RhiirFUN_024991	
OG0000002	jgi|Copci_AmutBmut1|354483|e_gw1.2.454.1, jgi|Copci_AmutBmut1|354674|e_gw1.2.448.1, jgi|Copci_AmutBmut1|361161|e_gw1.21.239.1, jgi|Copci_AmutBmut1|363242|e_gw1.32.74.1, jgi|Copci_AmutBmut1|370874|e_gw1.102.49.1, jgi|Copci_AmutBmut1|370922|e_gw1.102.37.1, jgi|Copci_AmutBmut1|378102|e_gw1.241.26.1, jgi|Copci_AmutBmut1|380326|e_gw1.320.20.1, jgi|Copci_AmutBmut1|391063|estExt_Genewise1.C_180270, jgi|Copci_AmutBmut1|404033|estExt_Genewise1.C_1640014, jgi|Copci_AmutBmut1|407897|estExt_Genewise1.C_2770025, jgi|Copci_AmutBmut1|409790|estExt_Genewise1.C_4050015, jgi|Copci_AmutBmut1|413238|estExt_Genewise1Plus.C_50246, jgi|Copci_AmutBmut1|419467|estExt_Genewise1Plus.C_310043, jgi|Copci_AmutBmut1|427537|estExt_Genewise1Plus.C_1170040, jgi|Copci_AmutBmut1|437809|fgenesh1_kg.113_#_13_#_Locus4474v1rpkm78.67, jgi|Copci_AmutBmut1|437827|fgenesh1_kg.113_#_31_#_Locus439v1rpkm485.79, jgi|Copci_AmutBmut1|438533|fgenesh1_kg.128_#_38_#_Locus123v1rpkm916.93, jgi|Copci_AmutBmut1|442098|fgenesh1_kg.21_#_33_#_Locus26149v1rpkm0.39, jgi|Copci_AmutBmut1|442540|fgenesh1_kg.224_#_1_#_Locus17373v1rpkm3.51, jgi|Copci_AmutBmut1|442548|fgenesh1_kg.224_#_9_#_Locus10703v4rpkm2.21, jgi|Copci_AmutBmut1|443707|fgenesh1_kg.268_#_10_#_Locus2050v2rpkm26.32, jgi|Copci_AmutBmut1|444892|fgenesh1_kg.31_#_30_#_Locus1674v1rpkm185.47, jgi|Copci_AmutBmut1|445156|fgenesh1_kg.320_#_12_#_Locus1779v1rpkm176.57, jgi|Copci_AmutBmut1|468098|fgenesh1_pm.31_#_8, jgi|Copci_AmutBmut1|468099|fgenesh1_pm.31_#_9, jgi|Copci_AmutBmut1|468107|fgenesh1_pm.31_#_17, jgi|Copci_AmutBmut1|468111|fgenesh1_pm.31_#_21, jgi|Copci_AmutBmut1|47183|CE47182_1079, jgi|Copci_AmutBmut1|99661|CE99660_537		
OG0000003		RhiirFUN_000987-T1_RhiirFUN_000987, RhiirFUN_002769-T1_RhiirFUN_002769, RhiirFUN_003298-T1_RhiirFUN_003298, RhiirFUN_003788-T1_RhiirFUN_003788, RhiirFUN_004072-T1_RhiirFUN_004072, RhiirFUN_004385-T1_RhiirFUN_004385, RhiirFUN_005117-T1_RhiirFUN_005117, RhiirFUN_005118-T1_RhiirFUN_005118, RhiirFUN_005127-T1_RhiirFUN_005127, RhiirFUN_006605-T1_RhiirFUN_006605, RhiirFUN_009835-T1_RhiirFUN_009835, RhiirFUN_011681-T1_RhiirFUN_011681, RhiirFUN_013823-T1_RhiirFUN_013823, RhiirFUN_013955-T1_RhiirFUN_013955, RhiirFUN_014034-T1_RhiirFUN_014034, RhiirFUN_015636-T1_RhiirFUN_015636, RhiirFUN_016131-T1_RhiirFUN_016131, RhiirFUN_016132-T1_RhiirFUN_016132, RhiirFUN_017712-T1_RhiirFUN_017712, RhiirFUN_020944-T1_RhiirFUN_020944, RhiirFUN_021766-T1_RhiirFUN_021766, RhiirFUN_021768-T1_RhiirFUN_021768, RhiirFUN_021825-T1_RhiirFUN_021825, RhiirFUN_021944-T1_RhiirFUN_021944, RhiirFUN_023093-T1_RhiirFUN_023093, RhiirFUN_023706-T1_RhiirFUN_023706, RhiirFUN_023755-T1_RhiirFUN_023755, RhiirFUN_026078-T1_RhiirFUN_026078, RhiirFUN_026143-T1_RhiirFUN_026143, RhiirFUN_026687-T1_RhiirFUN_026687	
OG0000004	jgi|Copci_AmutBmut1|369634|e_gw1.87.28.1, jgi|Copci_AmutBmut1|373579|e_gw1.141.6.1, jgi|Copci_AmutBmut1|376182|e_gw1.193.66.1, jgi|Copci_AmutBmut1|376217|e_gw1.193.56.1, jgi|Copci_AmutBmut1|405272|estExt_Genewise1.C_1930043, jgi|Copci_AmutBmut1|405275|estExt_Genewise1.C_1930046, jgi|Copci_AmutBmut1|405290|estExt_Genewise1.C_1930064, jgi|Copci_AmutBmut1|421878|estExt_Genewise1Plus.C_500065, jgi|Copci_AmutBmut1|421881|estExt_Genewise1Plus.C_500068, jgi|Copci_AmutBmut1|428954|estExt_Genewise1Plus.C_1410009, jgi|Copci_AmutBmut1|433601|estExt_Genewise1Plus.C_2650001, jgi|Copci_AmutBmut1|439278|fgenesh1_kg.141_#_34_#_Locus16396v1rpkm4.78, jgi|Copci_AmutBmut1|452781|fgenesh1_pg.141_#_5, jgi|Copci_AmutBmut1|452794|fgenesh1_pg.141_#_18, jgi|Copci_AmutBmut1|454129|fgenesh1_pg.193_#_13, jgi|Copci_AmutBmut1|457077|fgenesh1_pg.343_#_1, jgi|Copci_AmutBmut1|458273|fgenesh1_pg.440_#_5, jgi|Copci_AmutBmut1|463619|fgenesh1_pm.141_#_30, jgi|Copci_AmutBmut1|465218|fgenesh1_pm.193_#_6, jgi|Copci_AmutBmut1|481704|estExt_fgenesh1_pm.C_1930008, jgi|Copci_AmutBmut1|482446|estExt_fgenesh1_pm.C_2480003, jgi|Copci_AmutBmut1|514024|MIX9576_25_89, jgi|Copci_AmutBmut1|533984|MIX29536_10_34, jgi|Copci_AmutBmut1|544254|estExt_Genemark1.C_1410007		
OG0000005		RhiirFUN_002775-T1_RhiirFUN_002775, RhiirFUN_003759-T1_RhiirFUN_003759, RhiirFUN_003823-T1_RhiirFUN_003823, RhiirFUN_004081-T1_RhiirFUN_004081, RhiirFUN_004083-T1_RhiirFUN_004083, RhiirFUN_004084-T1_RhiirFUN_004084, RhiirFUN_004092-T1_RhiirFUN_004092, RhiirFUN_004093-T1_RhiirFUN_004093, RhiirFUN_004094-T1_RhiirFUN_004094, RhiirFUN_004095-T1_RhiirFUN_004095, RhiirFUN_004096-T1_RhiirFUN_004096, RhiirFUN_004098-T1_RhiirFUN_004098, RhiirFUN_004099-T1_RhiirFUN_004099, RhiirFUN_007341-T1_RhiirFUN_007341, RhiirFUN_007943-T1_RhiirFUN_007943, RhiirFUN_008023-T1_RhiirFUN_008023, RhiirFUN_008306-T1_RhiirFUN_008306, RhiirFUN_011728-T1_RhiirFUN_011728, RhiirFUN_015654-T1_RhiirFUN_015654, RhiirFUN_016617-T1_RhiirFUN_016617, RhiirFUN_016754-T1_RhiirFUN_016754, RhiirFUN_016942-T1_RhiirFUN_016942, RhiirFUN_021561-T1_RhiirFUN_021561, RhiirFUN_026838-T1_RhiirFUN_026838	
OG0000006		RhiirFUN_003592-T1_RhiirFUN_003592, RhiirFUN_005503-T1_RhiirFUN_005503, RhiirFUN_005504-T1_RhiirFUN_005504, RhiirFUN_005717-T1_RhiirFUN_005717, RhiirFUN_005728-T1_RhiirFUN_005728, RhiirFUN_005733-T1_RhiirFUN_005733, RhiirFUN_005735-T1_RhiirFUN_005735, RhiirFUN_005736-T1_RhiirFUN_005736, RhiirFUN_005738-T1_RhiirFUN_005738, RhiirFUN_010319-T1_RhiirFUN_010319, RhiirFUN_012286-T1_RhiirFUN_012286, RhiirFUN_018762-T1_RhiirFUN_018762, RhiirFUN_019862-T1_RhiirFUN_019862, RhiirFUN_021083-T1_RhiirFUN_021083, RhiirFUN_023246-T1_RhiirFUN_023246, RhiirFUN_023247-T1_RhiirFUN_023247, RhiirFUN_023248-T1_RhiirFUN_023248, RhiirFUN_023251-T1_RhiirFUN_023251, RhiirFUN_023253-T1_RhiirFUN_023253, RhiirFUN_023257-T1_RhiirFUN_023257, RhiirFUN_023811-T1_RhiirFUN_023811, RhiirFUN_023926-T1_RhiirFUN_023926, RhiirFUN_024411-T1_RhiirFUN_024411	
OG0000007	jgi|Copci_AmutBmut1|369909|e_gw1.91.93.1, jgi|Copci_AmutBmut1|371931|e_gw1.116.22.1, jgi|Copci_AmutBmut1|376992|e_gw1.210.24.1, jgi|Copci_AmutBmut1|377077|e_gw1.213.20.1, jgi|Copci_AmutBmut1|381114|e_gw1.357.16.1, jgi|Copci_AmutBmut1|403959|estExt_Genewise1.C_1620037, jgi|Copci_AmutBmut1|430008|estExt_Genewise1Plus.C_1620027, jgi|Copci_AmutBmut1|435236|estExt_Genewise1Plus.C_3520019, jgi|Copci_AmutBmut1|464916|fgenesh1_pm.181_#_15, jgi|Copci_AmutBmut1|483266|estExt_fgenesh1_pm.C_3520004, jgi|Copci_AmutBmut1|487328|estExt_fgenesh1_pg.C_520035, jgi|Copci_AmutBmut1|499706|gm1.7212_g, jgi|Copci_AmutBmut1|500446|gm1.7952_g, jgi|Copci_AmutBmut1|501953|gm1.9459_g, jgi|Copci_AmutBmut1|51416|CE51415_552, jgi|Copci_AmutBmut1|524124|MIX19676_174_41, jgi|Copci_AmutBmut1|544672|estExt_Genemark1.C_1620016, jgi|Copci_AmutBmut1|544988|estExt_Genemark1.C_1810005, jgi|Copci_AmutBmut1|546809|estExt_Genemark1.C_3520007, jgi|Copci_AmutBmut1|70438|CE70437_274		VDAG_JR2_Chr1g09150, VDAG_JR2_Chr3g12260
OG0000008		RhiirFUN_001942-T1_RhiirFUN_001942, RhiirFUN_004183-T1_RhiirFUN_004183, RhiirFUN_006262-T1_RhiirFUN_006262, RhiirFUN_006264-T1_RhiirFUN_006264, RhiirFUN_012837-T1_RhiirFUN_012837, RhiirFUN_016085-T1_RhiirFUN_016085, RhiirFUN_017017-T1_RhiirFUN_017017, RhiirFUN_023288-T1_RhiirFUN_023288, RhiirFUN_023400-T1_RhiirFUN_023400, RhiirFUN_023531-T1_RhiirFUN_023531, RhiirFUN_023532-T1_RhiirFUN_023532, RhiirFUN_023533-T1_RhiirFUN_023533, RhiirFUN_023538-T1_RhiirFUN_023538, RhiirFUN_023540-T1_RhiirFUN_023540, RhiirFUN_023546-T1_RhiirFUN_023546, RhiirFUN_023547-T1_RhiirFUN_023547, RhiirFUN_023548-T1_RhiirFUN_023548, RhiirFUN_023549-T1_RhiirFUN_023549, RhiirFUN_023679-T1_RhiirFUN_023679	
OG0000009	jgi|Copci_AmutBmut1|354703|e_gw1.2.477.1, jgi|Copci_AmutBmut1|362996|e_gw1.30.117.1, jgi|Copci_AmutBmut1|369969|e_gw1.91.57.1, jgi|Copci_AmutBmut1|372036|e_gw1.118.72.1, jgi|Copci_AmutBmut1|377030|e_gw1.211.32.1, jgi|Copci_AmutBmut1|377865|e_gw1.235.9.1, jgi|Copci_AmutBmut1|378065|e_gw1.240.32.1, jgi|Copci_AmutBmut1|435561|estExt_Genewise1Plus.C_3850008, jgi|Copci_AmutBmut1|473228|fgenesh1_pm.91_#_5, jgi|Copci_AmutBmut1|479516|estExt_fgenesh1_pm.C_940003, jgi|Copci_AmutBmut1|488574|estExt_fgenesh1_pg.C_910008, jgi|Copci_AmutBmut1|488576|estExt_fgenesh1_pg.C_910010, jgi|Copci_AmutBmut1|497900|gm1.5406_g, jgi|Copci_AmutBmut1|499623|gm1.7129_g, jgi|Copci_AmutBmut1|501775|gm1.9281_g, jgi|Copci_AmutBmut1|504283|gm1.11789_g, jgi|Copci_AmutBmut1|514476|MIX10028_56_29, jgi|Copci_AmutBmut1|542315|estExt_Genemark1.C_710009		
OG0000010		RhiirFUN_000310-T1_RhiirFUN_000310, RhiirFUN_000813-T1_RhiirFUN_000813, RhiirFUN_003308-T1_RhiirFUN_003308, RhiirFUN_006020-T1_RhiirFUN_006020, RhiirFUN_007243-T1_RhiirFUN_007243, RhiirFUN_008449-T1_RhiirFUN_008449, RhiirFUN_010814-T1_RhiirFUN_010814, RhiirFUN_010815-T1_RhiirFUN_010815, RhiirFUN_014409-T1_RhiirFUN_014409, RhiirFUN_014412-T1_RhiirFUN_014412, RhiirFUN_014549-T1_RhiirFUN_014549, RhiirFUN_017001-T1_RhiirFUN_017001, RhiirFUN_017619-T1_RhiirFUN_017619, RhiirFUN_018410-T1_RhiirFUN_018410, RhiirFUN_019249-T1_RhiirFUN_019249, RhiirFUN_020611-T1_RhiirFUN_020611, RhiirFUN_023900-T1_RhiirFUN_023900, RhiirFUN_025423-T1_RhiirFUN_025423	
OG0000011	jgi|Copci_AmutBmut1|501548|gm1.9054_g, jgi|Copci_AmutBmut1|545665|estExt_Genemark1.C_2250004	RhiirFUN_000707-T1_RhiirFUN_000707, RhiirFUN_001912-T1_RhiirFUN_001912, RhiirFUN_003033-T1_RhiirFUN_003033, RhiirFUN_005677-T1_RhiirFUN_005677, RhiirFUN_015633-T1_RhiirFUN_015633, RhiirFUN_017052-T1_RhiirFUN_017052, RhiirFUN_017143-T1_RhiirFUN_017143, RhiirFUN_017145-T1_RhiirFUN_017145, RhiirFUN_021286-T1_RhiirFUN_021286, RhiirFUN_026508-T1_RhiirFUN_026508	VDAG_JR2_Chr1g00390, VDAG_JR2_Chr1g14110, VDAG_JR2_Chr1g15860, VDAG_JR2_Chr4g11700, VDAG_JR2_Chr8g11310
OG0000012		RhiirFUN_004067-T1_RhiirFUN_004067, RhiirFUN_004068-T1_RhiirFUN_004068, RhiirFUN_004069-T1_RhiirFUN_004069, RhiirFUN_004070-T1_RhiirFUN_004070, RhiirFUN_004074-T1_RhiirFUN_004074, RhiirFUN_004075-T1_RhiirFUN_004075, RhiirFUN_006802-T1_RhiirFUN_006802, RhiirFUN_007328-T1_RhiirFUN_007328, RhiirFUN_008087-T1_RhiirFUN_008087, RhiirFUN_011687-T1_RhiirFUN_011687, RhiirFUN_014006-T1_RhiirFUN_014006, RhiirFUN_014007-T1_RhiirFUN_014007, RhiirFUN_015114-T1_RhiirFUN_015114, RhiirFUN_015217-T1_RhiirFUN_015217, RhiirFUN_022488-T1_RhiirFUN_022488	VDAG_JR2_Chr1g13610, VDAG_JR2_Chr3g11910
OG0000013	jgi|Copci_AmutBmut1|112978|CE112977_247, jgi|Copci_AmutBmut1|377192|e_gw1.216.41.1, jgi|Copci_AmutBmut1|377219|e_gw1.216.39.1, jgi|Copci_AmutBmut1|378260|e_gw1.246.20.1, jgi|Copci_AmutBmut1|432813|estExt_Genewise1Plus.C_2360002, jgi|Copci_AmutBmut1|433115|estExt_Genewise1Plus.C_2460029, jgi|Copci_AmutBmut1|448242|fgenesh1_kg.56_#_14_#_Locus2810v1rpkm120.25, jgi|Copci_AmutBmut1|464767|fgenesh1_pm.179_#_16, jgi|Copci_AmutBmut1|481141|estExt_fgenesh1_pm.C_1600014, jgi|Copci_AmutBmut1|481478|estExt_fgenesh1_pm.C_1790017, jgi|Copci_AmutBmut1|482075|estExt_fgenesh1_pm.C_2160015, jgi|Copci_AmutBmut1|488448|estExt_fgenesh1_pg.C_860012, jgi|Copci_AmutBmut1|541708|estExt_Genemark1.C_560012	RhiirFUN_006343-T1_RhiirFUN_006343, RhiirFUN_021857-T1_RhiirFUN_021857	VDAG_JR2_Chr2g00240
OG0000014	jgi|Copci_AmutBmut1|396895|estExt_Genewise1.C_600121, jgi|Copci_AmutBmut1|42776|CE42775_1288, jgi|Copci_AmutBmut1|431537|estExt_Genewise1Plus.C_1970034, jgi|Copci_AmutBmut1|440521|fgenesh1_kg.170_#_24_#_Locus8050v1rpkm38.31, jgi|Copci_AmutBmut1|450380|fgenesh1_kg.84_#_31_#_Locus21409v1rpkm1.10, jgi|Copci_AmutBmut1|464952|fgenesh1_pm.183_#_17, jgi|Copci_AmutBmut1|502602|gm1.10108_g, jgi|Copci_AmutBmut1|518489|MIX14041_2760_80, jgi|Copci_AmutBmut1|525788|MIX21340_929_42, jgi|Copci_AmutBmut1|95500|CE95499_318	RhiirFUN_003501-T1_RhiirFUN_003501, RhiirFUN_005775-T1_RhiirFUN_005775, RhiirFUN_021432-T1_RhiirFUN_021432, RhiirFUN_024351-T1_RhiirFUN_024351	VDAG_JR2_Chr5g09890
OG0000015	jgi|Copci_AmutBmut1|244165|CE244164_2246, jgi|Copci_AmutBmut1|354495|e_gw1.2.227.1, jgi|Copci_AmutBmut1|375232|e_gw1.172.25.1, jgi|Copci_AmutBmut1|377293|e_gw1.218.22.1, jgi|Copci_AmutBmut1|434504|estExt_Genewise1Plus.C_3100003, jgi|Copci_AmutBmut1|440561|fgenesh1_kg.172_#_5_#_Locus20128v2rpkm0.27, jgi|Copci_AmutBmut1|440563|fgenesh1_kg.172_#_7_#_Locus11285v1rpkm19.31, jgi|Copci_AmutBmut1|443704|fgenesh1_kg.268_#_7_#_Locus17469v2rpkm0.58, jgi|Copci_AmutBmut1|446025|fgenesh1_kg.379_#_1_#_Locus14139v1rpkm9.37, jgi|Copci_AmutBmut1|446120|fgenesh1_kg.383_#_18_#_Locus1022v1rpkm272.54, jgi|Copci_AmutBmut1|447242|fgenesh1_kg.46_#_30_#_Locus12737v1rpkm13.52, jgi|Copci_AmutBmut1|456645|fgenesh1_pg.310_#_3, jgi|Copci_AmutBmut1|481379|estExt_fgenesh1_pm.C_1720019, jgi|Copci_AmutBmut1|545670|estExt_Genemark1.C_2250009		
OG0000016	jgi|Copci_AmutBmut1|167773|CE167772_5007, jgi|Copci_AmutBmut1|359952|e_gw1.16.331.1, jgi|Copci_AmutBmut1|381746|e_gw1.394.6.1, jgi|Copci_AmutBmut1|421450|estExt_Genewise1Plus.C_470070, jgi|Copci_AmutBmut1|435492|estExt_Genewise1Plus.C_3760014, jgi|Copci_AmutBmut1|461698|fgenesh1_pm.1_#_89, jgi|Copci_AmutBmut1|483436|estExt_fgenesh1_pm.C_3940004, jgi|Copci_AmutBmut1|492083|estExt_fgenesh1_pg.C_3940006, jgi|Copci_AmutBmut1|496836|gm1.4342_g, jgi|Copci_AmutBmut1|503250|gm1.10756_g	RhiirFUN_006958-T1_RhiirFUN_006958, RhiirFUN_024171-T1_RhiirFUN_024171	VDAG_JR2_Chr1g13950, VDAG_JR2_Chr8g10560
OG0000017	jgi|Copci_AmutBmut1|208308|CE208307_606, jgi|Copci_AmutBmut1|266892|CE266891_1030, jgi|Copci_AmutBmut1|368135|e_gw1.71.79.1, jgi|Copci_AmutBmut1|408308|estExt_Genewise1.C_2990035, jgi|Copci_AmutBmut1|409847|estExt_Genewise1.C_4130004, jgi|Copci_AmutBmut1|440170|fgenesh1_kg.162_#_19_#_Locus292v1rpkm600.11, jgi|Copci_AmutBmut1|443425|fgenesh1_kg.254_#_6_#_Locus14808v1rpkm7.71, jgi|Copci_AmutBmut1|449540|fgenesh1_kg.71_#_9_#_Locus6832v2rpkm0.64_PRE, jgi|Copci_AmutBmut1|449549|fgenesh1_kg.71_#_18_#_Locus11145v1rpkm19.91, jgi|Copci_AmutBmut1|467038|fgenesh1_pm.262_#_7, jgi|Copci_AmutBmut1|488706|estExt_fgenesh1_pg.C_960014, jgi|Copci_AmutBmut1|502564|gm1.10070_g, jgi|Copci_AmutBmut1|545120|estExt_Genemark1.C_1890002, jgi|Copci_AmutBmut1|89107|CE89106_198		
OG0000018		RhiirFUN_000748-T1_RhiirFUN_000748, RhiirFUN_000750-T1_RhiirFUN_000750, RhiirFUN_000754-T1_RhiirFUN_000754, RhiirFUN_000761-T1_RhiirFUN_000761, RhiirFUN_006341-T1_RhiirFUN_006341, RhiirFUN_009900-T1_RhiirFUN_009900, RhiirFUN_013911-T1_RhiirFUN_013911, RhiirFUN_015127-T1_RhiirFUN_015127, RhiirFUN_015180-T1_RhiirFUN_015180, RhiirFUN_015548-T1_RhiirFUN_015548, RhiirFUN_015623-T1_RhiirFUN_015623, RhiirFUN_016784-T1_RhiirFUN_016784, RhiirFUN_026853-T1_RhiirFUN_026853	
OG0000019	jgi|Copci_AmutBmut1|353817|e_gw1.1.12.1, jgi|Copci_AmutBmut1|429742|estExt_Genewise1Plus.C_1560036, jgi|Copci_AmutBmut1|441442|fgenesh1_kg.198_#_18_#_Locus1114v1rpkm255.89, jgi|Copci_AmutBmut1|497225|gm1.4731_g, jgi|Copci_AmutBmut1|497434|gm1.4940_g, jgi|Copci_AmutBmut1|84247|CE84246_508	RhiirFUN_002998-T1_RhiirFUN_002998, RhiirFUN_006785-T1_RhiirFUN_006785	VDAG_JR2_Chr1g23660, VDAG_JR2_Chr4g00970, VDAG_JR2_Chr4g02340, VDAG_JR2_Chr4g06090
OG0000020	jgi|Copci_AmutBmut1|166270|CE166269_6523, jgi|Copci_AmutBmut1|366562|e_gw1.56.61.1, jgi|Copci_AmutBmut1|378406|e_gw1.251.14.1, jgi|Copci_AmutBmut1|378628|e_gw1.257.6.1, jgi|Copci_AmutBmut1|378634|e_gw1.257.13.1, jgi|Copci_AmutBmut1|407854|estExt_Genewise1.C_2760008, jgi|Copci_AmutBmut1|443370|fgenesh1_kg.251_#_2_#_Locus29402v2rpkm0.12, jgi|Copci_AmutBmut1|462515|fgenesh1_pm.113_#_22, jgi|Copci_AmutBmut1|482487|estExt_fgenesh1_pm.C_2510003, jgi|Copci_AmutBmut1|483750|estExt_fgenesh1_pm.C_5510004, jgi|Copci_AmutBmut1|491291|estExt_fgenesh1_pg.C_2640006, jgi|Copci_AmutBmut1|497280|gm1.4786_g		
OG0000021		RhiirFUN_000311-T1_RhiirFUN_000311, RhiirFUN_003058-T1_RhiirFUN_003058, RhiirFUN_006399-T1_RhiirFUN_006399, RhiirFUN_006476-T1_RhiirFUN_006476, RhiirFUN_006497-T1_RhiirFUN_006497, RhiirFUN_006498-T1_RhiirFUN_006498, RhiirFUN_007815-T1_RhiirFUN_007815, RhiirFUN_013258-T1_RhiirFUN_013258, RhiirFUN_014570-T1_RhiirFUN_014570, RhiirFUN_015458-T1_RhiirFUN_015458, RhiirFUN_019978-T1_RhiirFUN_019978, RhiirFUN_021991-T1_RhiirFUN_021991	
OG0000022	jgi|Copci_AmutBmut1|116193|CE116192_1789, jgi|Copci_AmutBmut1|116663|CE116662_294, jgi|Copci_AmutBmut1|432876|estExt_Genewise1Plus.C_2370030, jgi|Copci_AmutBmut1|464561|fgenesh1_pm.17_#_77, jgi|Copci_AmutBmut1|466431|fgenesh1_pm.233_#_8, jgi|Copci_AmutBmut1|467243|fgenesh1_pm.271_#_9, jgi|Copci_AmutBmut1|470679|fgenesh1_pm.506_#_2, jgi|Copci_AmutBmut1|482122|estExt_fgenesh1_pm.C_2210002, jgi|Copci_AmutBmut1|482699|estExt_fgenesh1_pm.C_2710008, jgi|Copci_AmutBmut1|545612|estExt_Genemark1.C_2210002, jgi|Copci_AmutBmut1|547282|estExt_Genemark1.C_5060004		
OG0000023	jgi|Copci_AmutBmut1|10617|CE10616_49370	RhiirFUN_002620-T1_RhiirFUN_002620, RhiirFUN_003524-T1_RhiirFUN_003524, RhiirFUN_003567-T1_RhiirFUN_003567	VDAG_JR2_Chr2g02460, VDAG_JR2_Chr3g13430, VDAG_JR2_Chr4g10170, VDAG_JR2_Chr4g10230, VDAG_JR2_Chr6g02880, VDAG_JR2_Chr6g05350, VDAG_JR2_Chr8g02130
OG0000024		RhiirFUN_003861-T1_RhiirFUN_003861, RhiirFUN_004332-T1_RhiirFUN_004332, RhiirFUN_009106-T1_RhiirFUN_009106, RhiirFUN_011233-T1_RhiirFUN_011233, RhiirFUN_011743-T1_RhiirFUN_011743, RhiirFUN_013783-T1_RhiirFUN_013783, RhiirFUN_013988-T1_RhiirFUN_013988, RhiirFUN_014198-T1_RhiirFUN_014198, RhiirFUN_023699-T1_RhiirFUN_023699, RhiirFUN_025017-T1_RhiirFUN_025017, RhiirFUN_026517-T1_RhiirFUN_026517	
OG0000025		RhiirFUN_006360-T1_RhiirFUN_006360, RhiirFUN_006404-T1_RhiirFUN_006404, RhiirFUN_006405-T1_RhiirFUN_006405, RhiirFUN_006406-T1_RhiirFUN_006406, RhiirFUN_006419-T1_RhiirFUN_006419, RhiirFUN_006444-T1_RhiirFUN_006444, RhiirFUN_006469-T1_RhiirFUN_006469, RhiirFUN_017511-T1_RhiirFUN_017511, RhiirFUN_018507-T1_RhiirFUN_018507, RhiirFUN_023195-T1_RhiirFUN_023195, RhiirFUN_023773-T1_RhiirFUN_023773	
OG0000026	jgi|Copci_AmutBmut1|340720|gw1.52.41.1, jgi|Copci_AmutBmut1|381000|e_gw1.351.25.1, jgi|Copci_AmutBmut1|433265|estExt_Genewise1Plus.C_2520001, jgi|Copci_AmutBmut1|454418|fgenesh1_pg.2_#_177	RhiirFUN_000830-T1_RhiirFUN_000830, RhiirFUN_011058-T1_RhiirFUN_011058, RhiirFUN_015672-T1_RhiirFUN_015672	VDAG_JR2_Chr2g08920, VDAG_JR2_Chr5g09230, VDAG_JR2_Chr7g03410
OG0000027	jgi|Copci_AmutBmut1|18280|CE18279_956, jgi|Copci_AmutBmut1|499145|gm1.6651_g	RhiirFUN_005888-T1_RhiirFUN_005888, RhiirFUN_010657-T1_RhiirFUN_010657, RhiirFUN_012804-T1_RhiirFUN_012804, RhiirFUN_012821-T1_RhiirFUN_012821, RhiirFUN_016086-T1_RhiirFUN_016086, RhiirFUN_018544-T1_RhiirFUN_018544, RhiirFUN_019871-T1_RhiirFUN_019871, RhiirFUN_021458-T1_RhiirFUN_021458	
OG0000028		RhiirFUN_000280-T1_RhiirFUN_000280, RhiirFUN_000318-T1_RhiirFUN_000318, RhiirFUN_000733-T1_RhiirFUN_000733, RhiirFUN_004153-T1_RhiirFUN_004153, RhiirFUN_013081-T1_RhiirFUN_013081, RhiirFUN_024375-T1_RhiirFUN_024375, RhiirFUN_024384-T1_RhiirFUN_024384, RhiirFUN_024530-T1_RhiirFUN_024530, RhiirFUN_025419-T1_RhiirFUN_025419, RhiirFUN_026711-T1_RhiirFUN_026711	
OG0000029	jgi|Copci_AmutBmut1|128386|CE128385_1892, jgi|Copci_AmutBmut1|437522|fgenesh1_kg.109_#_20_#_Locus7039v1rpkm46.77, jgi|Copci_AmutBmut1|440643|fgenesh1_kg.175_#_22_#_Locus16539v1rpkm4.56, jgi|Copci_AmutBmut1|442572|fgenesh1_kg.225_#_21_#_Locus14813v5rpkm0.94, jgi|Copci_AmutBmut1|445360|fgenesh1_kg.33_#_95_#_Locus8777v1rpkm33.07, jgi|Copci_AmutBmut1|467979|fgenesh1_pm.30_#_47, jgi|Copci_AmutBmut1|468419|fgenesh1_pm.33_#_32, jgi|Copci_AmutBmut1|513582|MIX9134_7444_51, jgi|Copci_AmutBmut1|542973|estExt_Genemark1.C_910028		
OG0000030	jgi|Copci_AmutBmut1|376881|e_gw1.207.19.1, jgi|Copci_AmutBmut1|380039|e_gw1.308.19.1, jgi|Copci_AmutBmut1|408462|estExt_Genewise1.C_3080023, jgi|Copci_AmutBmut1|409510|estExt_Genewise1.C_3760015, jgi|Copci_AmutBmut1|465232|fgenesh1_pm.194_#_2, jgi|Copci_AmutBmut1|470920|fgenesh1_pm.54_#_22, jgi|Copci_AmutBmut1|501031|gm1.8537_g, jgi|Copci_AmutBmut1|527180|MIX22732_8126_93		VDAG_JR2_Chr4g04410
OG0000031	jgi|Copci_AmutBmut1|265056|CE265055_80503	RhiirFUN_001392-T1_RhiirFUN_001392, RhiirFUN_002370-T1_RhiirFUN_002370, RhiirFUN_004718-T1_RhiirFUN_004718, RhiirFUN_004838-T1_RhiirFUN_004838, RhiirFUN_004925-T1_RhiirFUN_004925, RhiirFUN_012751-T1_RhiirFUN_012751, RhiirFUN_015162-T1_RhiirFUN_015162	VDAG_JR2_Chr2g12050
OG0000032	jgi|Copci_AmutBmut1|380799|e_gw1.341.11.1, jgi|Copci_AmutBmut1|404532|estExt_Genewise1.C_1740038, jgi|Copci_AmutBmut1|442023|fgenesh1_kg.207_#_17_#_Locus7535v1rpkm42.47, jgi|Copci_AmutBmut1|442931|fgenesh1_kg.238_#_16_#_Locus27732v1rpkm0.26, jgi|Copci_AmutBmut1|443196|fgenesh1_kg.246_#_30_#_Locus20176v1rpkm1.54, jgi|Copci_AmutBmut1|443953|fgenesh1_kg.277_#_8_#_Locus18087v1rpkm2.82, jgi|Copci_AmutBmut1|456831|fgenesh1_pg.326_#_3, jgi|Copci_AmutBmut1|481143|estExt_fgenesh1_pm.C_1600017, jgi|Copci_AmutBmut1|483147|estExt_fgenesh1_pm.C_3310011		
OG0000033		RhiirFUN_002894-T1_RhiirFUN_002894, RhiirFUN_003980-T1_RhiirFUN_003980, RhiirFUN_003984-T1_RhiirFUN_003984, RhiirFUN_003985-T1_RhiirFUN_003985, RhiirFUN_007985-T1_RhiirFUN_007985, RhiirFUN_008027-T1_RhiirFUN_008027, RhiirFUN_018755-T1_RhiirFUN_018755	VDAG_JR2_Chr1g01090, VDAG_JR2_Chr8g02460
OG0000034		RhiirFUN_003717-T1_RhiirFUN_003717, RhiirFUN_003862-T1_RhiirFUN_003862, RhiirFUN_004957-T1_RhiirFUN_004957, RhiirFUN_005912-T1_RhiirFUN_005912, RhiirFUN_006457-T1_RhiirFUN_006457, RhiirFUN_007991-T1_RhiirFUN_007991, RhiirFUN_010047-T1_RhiirFUN_010047, RhiirFUN_013786-T1_RhiirFUN_013786, RhiirFUN_025821-T1_RhiirFUN_025821	
OG0000035	jgi|Copci_AmutBmut1|358869|e_gw1.13.29.1, jgi|Copci_AmutBmut1|470416|fgenesh1_pm.49_#_50, jgi|Copci_AmutBmut1|520359|MIX15911_36_28, jgi|Copci_AmutBmut1|90984|CE90983_4027, jgi|Copci_AmutBmut1|91051|CE91050_947	RhiirFUN_010480-T1_RhiirFUN_010480	VDAG_JR2_Chr3g06450, VDAG_JR2_Chr7g05170
OG0000036	jgi|Copci_AmutBmut1|412782|estExt_Genewise1Plus.C_4_t10268, jgi|Copci_AmutBmut1|496997|gm1.4503_g	RhiirFUN_000477-T1_RhiirFUN_000477, RhiirFUN_004202-T1_RhiirFUN_004202, RhiirFUN_004205-T1_RhiirFUN_004205, RhiirFUN_004206-T1_RhiirFUN_004206	VDAG_JR2_Chr5g09960, VDAG_JR2_Chr8g09610
OG0000037	jgi|Copci_AmutBmut1|440836|fgenesh1_kg.18_#_111_#_Locus21997v1rpkm0.96	RhiirFUN_001287-T1_RhiirFUN_001287, RhiirFUN_002979-T1_RhiirFUN_002979, RhiirFUN_005301-T1_RhiirFUN_005301, RhiirFUN_006986-T1_RhiirFUN_006986, RhiirFUN_012965-T1_RhiirFUN_012965, RhiirFUN_018342-T1_RhiirFUN_018342, RhiirFUN_022886-T1_RhiirFUN_022886	
OG0000038	jgi|Copci_AmutBmut1|363583|e_gw1.34.94.1, jgi|Copci_AmutBmut1|370378|e_gw1.96.24.1, jgi|Copci_AmutBmut1|399959|estExt_Genewise1.C_960014, jgi|Copci_AmutBmut1|426049|estExt_Genewise1Plus.C_960005, jgi|Copci_AmutBmut1|426057|estExt_Genewise1Plus.C_960013, jgi|Copci_AmutBmut1|451005|fgenesh1_kg.96_#_10_#_Locus24888v2rpkm0.47, jgi|Copci_AmutBmut1|461496|fgenesh1_pg.96_#_6, jgi|Copci_AmutBmut1|479570|estExt_fgenesh1_pm.C_960006		
OG0000039	jgi|Copci_AmutBmut1|395044|estExt_Genewise1.C_440100, jgi|Copci_AmutBmut1|472511|fgenesh1_pm.78_#_40, jgi|Copci_AmutBmut1|541188|estExt_Genemark1.C_440027, jgi|Copci_AmutBmut1|542171|estExt_Genemark1.C_670032	RhiirFUN_007903-T1_RhiirFUN_007903, RhiirFUN_014277-T1_RhiirFUN_014277, RhiirFUN_023687-T1_RhiirFUN_023687	VDAG_JR2_Chr1g01680
OG0000040	jgi|Copci_AmutBmut1|286131|CE286130_45, jgi|Copci_AmutBmut1|383901|e_gw1.629.5.1, jgi|Copci_AmutBmut1|427568|estExt_Genewise1Plus.C_1170075, jgi|Copci_AmutBmut1|464040|fgenesh1_pm.154_#_14, jgi|Copci_AmutBmut1|481021|estExt_fgenesh1_pm.C_1540012, jgi|Copci_AmutBmut1|481022|estExt_fgenesh1_pm.C_1540013, jgi|Copci_AmutBmut1|490975|estExt_fgenesh1_pg.C_2320003		VDAG_JR2_Chr6g10190
OG0000041	jgi|Copci_AmutBmut1|466486|fgenesh1_pm.238_#_4, jgi|Copci_AmutBmut1|500405|gm1.7911_g	RhiirFUN_017534-T1_RhiirFUN_017534, RhiirFUN_026061-T1_RhiirFUN_026061	VDAG_JR2_Chr1g26200, VDAG_JR2_Chr3g13050, VDAG_JR2_Chr4g12290, VDAG_JR2_Chr8g09600
OG0000042		RhiirFUN_002713-T1_RhiirFUN_002713, RhiirFUN_006353-T1_RhiirFUN_006353, RhiirFUN_006355-T1_RhiirFUN_006355, RhiirFUN_006370-T1_RhiirFUN_006370, RhiirFUN_006371-T1_RhiirFUN_006371, RhiirFUN_006378-T1_RhiirFUN_006378, RhiirFUN_012344-T1_RhiirFUN_012344, RhiirFUN_025928-T1_RhiirFUN_025928	
OG0000043		RhiirFUN_003781-T1_RhiirFUN_003781, RhiirFUN_003785-T1_RhiirFUN_003785, RhiirFUN_007722-T1_RhiirFUN_007722, RhiirFUN_007814-T1_RhiirFUN_007814, RhiirFUN_013349-T1_RhiirFUN_013349, RhiirFUN_015686-T1_RhiirFUN_015686, RhiirFUN_017165-T1_RhiirFUN_017165, RhiirFUN_022430-T1_RhiirFUN_022430	
OG0000044		RhiirFUN_003848-T1_RhiirFUN_003848, RhiirFUN_004978-T1_RhiirFUN_004978, RhiirFUN_005139-T1_RhiirFUN_005139, RhiirFUN_009103-T1_RhiirFUN_009103, RhiirFUN_013784-T1_RhiirFUN_013784, RhiirFUN_019457-T1_RhiirFUN_019457, RhiirFUN_019918-T1_RhiirFUN_019918, RhiirFUN_023726-T1_RhiirFUN_023726	
OG0000045	jgi|Copci_AmutBmut1|362513|e_gw1.27.160.1, jgi|Copci_AmutBmut1|385463|estExt_Genewise1.C_2_t10289	RhiirFUN_000457-T1_RhiirFUN_000457, RhiirFUN_002940-T1_RhiirFUN_002940, RhiirFUN_004912-T1_RhiirFUN_004912, RhiirFUN_012955-T1_RhiirFUN_012955, RhiirFUN_015558-T1_RhiirFUN_015558	
OG0000046	jgi|Copci_AmutBmut1|358370|e_gw1.11.282.1, jgi|Copci_AmutBmut1|358|CE357_15184, jgi|Copci_AmutBmut1|440650|fgenesh1_kg.176_#_7_#_Locus13500v1rpkm11.15, jgi|Copci_AmutBmut1|462348|fgenesh1_pm.11_#_70, jgi|Copci_AmutBmut1|478032|estExt_fgenesh1_pm.C_530037, jgi|Copci_AmutBmut1|490265|estExt_fgenesh1_pg.C_1760013, jgi|Copci_AmutBmut1|516486|MIX12038_147_58		
OG0000047	jgi|Copci_AmutBmut1|26022|CE26021_4261, jgi|Copci_AmutBmut1|359012|e_gw1.13.304.1, jgi|Copci_AmutBmut1|363733|e_gw1.35.38.1, jgi|Copci_AmutBmut1|450284|fgenesh1_kg.82_#_44_#_Locus19799v1rpkm1.70, jgi|Copci_AmutBmut1|468666|fgenesh1_pm.35_#_9, jgi|Copci_AmutBmut1|496186|gm1.3692_g, jgi|Copci_AmutBmut1|502197|gm1.9703_g		
OG0000048	jgi|Copci_AmutBmut1|408263|estExt_Genewise1.C_2970001, jgi|Copci_AmutBmut1|427557|estExt_Genewise1Plus.C_1170062, jgi|Copci_AmutBmut1|434854|estExt_Genewise1Plus.C_3270023, jgi|Copci_AmutBmut1|464311|fgenesh1_pm.161_#_12, jgi|Copci_AmutBmut1|477063|estExt_fgenesh1_pm.C_330046, jgi|Copci_AmutBmut1|546211|estExt_Genemark1.C_2740002		VDAG_JR2_Chr8g00170
OG0000049	jgi|Copci_AmutBmut1|163961|CE163960_3818, jgi|Copci_AmutBmut1|207672|CE207671_3795, jgi|Copci_AmutBmut1|444840|fgenesh1_kg.306_#_18_#_Locus14730v1rpkm7.88, jgi|Copci_AmutBmut1|447482|fgenesh1_kg.48_#_51_#_Locus8387v1rpkm35.88	RhiirFUN_019260-T1_RhiirFUN_019260	VDAG_JR2_Chr1g19110, VDAG_JR2_Chr4g11220
OG0000050	jgi|Copci_AmutBmut1|71140|CE71139_10852	RhiirFUN_000474-T1_RhiirFUN_000474, RhiirFUN_000475-T1_RhiirFUN_000475, RhiirFUN_009016-T1_RhiirFUN_009016, RhiirFUN_009017-T1_RhiirFUN_009017, RhiirFUN_009346-T1_RhiirFUN_009346	VDAG_JR2_Chr1g19180
OG0000051	jgi|Copci_AmutBmut1|434536|estExt_Genewise1Plus.C_3110022		VDAG_JR2_Chr1g22350, VDAG_JR2_Chr4g04450, VDAG_JR2_Chr4g11050, VDAG_JR2_Chr4g11560, VDAG_JR2_Chr5g01660, VDAG_JR2_Chr6g01770
OG0000052		RhiirFUN_000238-T1_RhiirFUN_000238, RhiirFUN_015124-T1_RhiirFUN_015124, RhiirFUN_015125-T1_RhiirFUN_015125, RhiirFUN_015210-T1_RhiirFUN_015210, RhiirFUN_016554-T1_RhiirFUN_016554, RhiirFUN_021536-T1_RhiirFUN_021536, RhiirFUN_021544-T1_RhiirFUN_021544	
OG0000053		RhiirFUN_000242-T1_RhiirFUN_000242, RhiirFUN_011215-T1_RhiirFUN_011215, RhiirFUN_013819-T1_RhiirFUN_013819, RhiirFUN_013872-T1_RhiirFUN_013872, RhiirFUN_016972-T1_RhiirFUN_016972, RhiirFUN_018730-T1_RhiirFUN_018730, RhiirFUN_021607-T1_RhiirFUN_021607	
OG0000054		RhiirFUN_002120-T1_RhiirFUN_002120, RhiirFUN_002994-T1_RhiirFUN_002994, RhiirFUN_002996-T1_RhiirFUN_002996, RhiirFUN_009129-T1_RhiirFUN_009129, RhiirFUN_009587-T1_RhiirFUN_009587, RhiirFUN_012914-T1_RhiirFUN_012914, RhiirFUN_026899-T1_RhiirFUN_026899	
OG0000055		RhiirFUN_004137-T1_RhiirFUN_004137, RhiirFUN_004147-T1_RhiirFUN_004147, RhiirFUN_004150-T1_RhiirFUN_004150, RhiirFUN_004151-T1_RhiirFUN_004151, RhiirFUN_004155-T1_RhiirFUN_004155, RhiirFUN_006439-T1_RhiirFUN_006439, RhiirFUN_006458-T1_RhiirFUN_006458	
OG0000056		RhiirFUN_004141-T1_RhiirFUN_004141, RhiirFUN_006786-T1_RhiirFUN_006786, RhiirFUN_012215-T1_RhiirFUN_012215, RhiirFUN_024534-T1_RhiirFUN_024534, RhiirFUN_024536-T1_RhiirFUN_024536, RhiirFUN_024540-T1_RhiirFUN_024540	VDAG_JR2_Chr5g10010
OG0000057		RhiirFUN_006295-T1_RhiirFUN_006295, RhiirFUN_011504-T1_RhiirFUN_011504, RhiirFUN_011505-T1_RhiirFUN_011505, RhiirFUN_011507-T1_RhiirFUN_011507, RhiirFUN_016014-T1_RhiirFUN_016014, RhiirFUN_018714-T1_RhiirFUN_018714, RhiirFUN_020516-T1_RhiirFUN_020516	
OG0000058		RhiirFUN_007178-T1_RhiirFUN_007178, RhiirFUN_007187-T1_RhiirFUN_007187, RhiirFUN_017899-T1_RhiirFUN_017899, RhiirFUN_017902-T1_RhiirFUN_017902, RhiirFUN_017903-T1_RhiirFUN_017903, RhiirFUN_017904-T1_RhiirFUN_017904, RhiirFUN_021961-T1_RhiirFUN_021961	
OG0000059		RhiirFUN_011576-T1_RhiirFUN_011576, RhiirFUN_018771-T1_RhiirFUN_018771, RhiirFUN_018772-T1_RhiirFUN_018772, RhiirFUN_018777-T1_RhiirFUN_018777, RhiirFUN_018778-T1_RhiirFUN_018778, RhiirFUN_022777-T1_RhiirFUN_022777, RhiirFUN_023529-T1_RhiirFUN_023529	
OG0000060		RhiirFUN_015228-T1_RhiirFUN_015228, RhiirFUN_015230-T1_RhiirFUN_015230, RhiirFUN_015588-T1_RhiirFUN_015588, RhiirFUN_015786-T1_RhiirFUN_015786, RhiirFUN_020838-T1_RhiirFUN_020838, RhiirFUN_024719-T1_RhiirFUN_024719, RhiirFUN_025236-T1_RhiirFUN_025236	
OG0000061			VDAG_JR2_Chr1g00660, VDAG_JR2_Chr1g27330, VDAG_JR2_Chr1g28180, VDAG_JR2_Chr4g05100, VDAG_JR2_Chr4g09970, VDAG_JR2_Chr5g10030, VDAG_JR2_Chr6g01740
OG0000062			VDAG_JR2_Chr1g22850, VDAG_JR2_Chr1g23360, VDAG_JR2_Chr3g00800, VDAG_JR2_Chr4g05950, VDAG_JR2_Chr6g08770, VDAG_JR2_Chr6g10260, VDAG_JR2_Chr8g10650
OG0000063			VDAG_JR2_Chr2g00550, VDAG_JR2_Chr4g01930, VDAG_JR2_Chr5g01440, VDAG_JR2_Chr5g09360, VDAG_JR2_Chr6g00820, VDAG_JR2_Chr6g05130, VDAG_JR2_Chr8g10920
OG0000064	jgi|Copci_AmutBmut1|379250|e_gw1.277.27.1, jgi|Copci_AmutBmut1|432448|estExt_Genewise1Plus.C_2240013, jgi|Copci_AmutBmut1|450008|fgenesh1_kg.8_#_29_#_Locus9774v1rpkm26.97, jgi|Copci_AmutBmut1|466198|fgenesh1_pm.224_#_3, jgi|Copci_AmutBmut1|482636|estExt_fgenesh1_pm.C_2650015, jgi|Copci_AmutBmut1|491491|estExt_fgenesh1_pg.C_2870006		
OG0000065	jgi|Copci_AmutBmut1|136330|CE136329_353		VDAG_JR2_Chr1g21560, VDAG_JR2_Chr1g25100, VDAG_JR2_Chr2g03630, VDAG_JR2_Chr2g04070, VDAG_JR2_Chr6g04820
OG0000066	jgi|Copci_AmutBmut1|452194|fgenesh1_pg.122_#_21, jgi|Copci_AmutBmut1|454503|fgenesh1_pg.201_#_8, jgi|Copci_AmutBmut1|495925|gm1.3431_g, jgi|Copci_AmutBmut1|503366|gm1.10872_g, jgi|Copci_AmutBmut1|507928|MIX3480_8_63, jgi|Copci_AmutBmut1|543822|estExt_Genemark1.C_1220016		
OG0000067	jgi|Copci_AmutBmut1|445270|fgenesh1_kg.33_#_5_#_Locus14111v1rpkm9.44, jgi|Copci_AmutBmut1|456872|fgenesh1_pg.33_#_7, jgi|Copci_AmutBmut1|464640|fgenesh1_pm.172_#_18, jgi|Copci_AmutBmut1|468418|fgenesh1_pm.33_#_31, jgi|Copci_AmutBmut1|486512|estExt_fgenesh1_pg.C_330024, jgi|Copci_AmutBmut1|487004|estExt_fgenesh1_pg.C_440034		
OG0000068	jgi|Copci_AmutBmut1|424407|estExt_Genewise1Plus.C_750008, jgi|Copci_AmutBmut1|428867|estExt_Genewise1Plus.C_1390052, jgi|Copci_AmutBmut1|437944|fgenesh1_kg.117_#_10_#_Locus6653v1rpkm50.37, jgi|Copci_AmutBmut1|447153|fgenesh1_kg.45_#_55_#_Locus6424v1rpkm52.77, jgi|Copci_AmutBmut1|469769|fgenesh1_pm.428_#_1, jgi|Copci_AmutBmut1|499951|gm1.7457_g		
OG0000069	jgi|Copci_AmutBmut1|274808|CE274807_294, jgi|Copci_AmutBmut1|435051|estExt_Genewise1Plus.C_3420005, jgi|Copci_AmutBmut1|444311|fgenesh1_kg.292_#_4_#_Locus25772v1rpkm0.42, jgi|Copci_AmutBmut1|488321|estExt_fgenesh1_pg.C_820003, jgi|Copci_AmutBmut1|544665|estExt_Genemark1.C_1620009, jgi|Copci_AmutBmut1|547321|estExt_Genemark1.C_5460002		
OG0000070	jgi|Copci_AmutBmut1|111208|CE111207_844, jgi|Copci_AmutBmut1|432038|estExt_Genewise1Plus.C_2110032, jgi|Copci_AmutBmut1|441405|fgenesh1_kg.197_#_10_#_Locus27045v1rpkm0.31, jgi|Copci_AmutBmut1|442185|fgenesh1_kg.211_#_13_#_Locus21688v1rpkm1.03, jgi|Copci_AmutBmut1|450552|fgenesh1_kg.88_#_24_#_Locus13371v1rpkm11.50, jgi|Copci_AmutBmut1|479348|estExt_fgenesh1_pm.C_880019		
OG0000071	jgi|Copci_AmutBmut1|293007|CE293006_1560, jgi|Copci_AmutBmut1|293108|CE293107_538, jgi|Copci_AmutBmut1|372718|e_gw1.128.63.1, jgi|Copci_AmutBmut1|400231|estExt_Genewise1.C_990045, jgi|Copci_AmutBmut1|498860|gm1.6366_g		VDAG_JR2_Chr2g04300
OG0000072	jgi|Copci_AmutBmut1|380579|e_gw1.331.19.1, jgi|Copci_AmutBmut1|382347|e_gw1.438.3.1, jgi|Copci_AmutBmut1|408916|estExt_Genewise1.C_3310017, jgi|Copci_AmutBmut1|439224|fgenesh1_kg.140_#_23_#_Locus25754v3rpkm0.00_PRE, jgi|Copci_AmutBmut1|489015|estExt_fgenesh1_pg.C_1090013		VDAG_JR2_Chr7g05780
OG0000073	jgi|Copci_AmutBmut1|462625|fgenesh1_pm.117_#_26		VDAG_JR2_Chr1g22090, VDAG_JR2_Chr1g28720, VDAG_JR2_Chr4g01600, VDAG_JR2_Chr7g03140, VDAG_JR2_Chr8g10280
OG0000074	jgi|Copci_AmutBmut1|202468|CE202467_619, jgi|Copci_AmutBmut1|205527|CE205526_1282, jgi|Copci_AmutBmut1|373625|e_gw1.142.43.1, jgi|Copci_AmutBmut1|51853|CE51852_343, jgi|Copci_AmutBmut1|547137|estExt_Genemark1.C_4400002		VDAG_JR2_Chr1g23760
OG0000075	jgi|Copci_AmutBmut1|380987|e_gw1.351.21.1, jgi|Copci_AmutBmut1|410350|estExt_Genewise1.C_4840008, jgi|Copci_AmutBmut1|454720|fgenesh1_pg.211_#_1, jgi|Copci_AmutBmut1|482047|estExt_fgenesh1_pm.C_2150001, jgi|Copci_AmutBmut1|504442|gm1.11948_g, jgi|Copci_AmutBmut1|545488|estExt_Genemark1.C_2110015		
OG0000076		RhiirFUN_001227-T1_RhiirFUN_001227, RhiirFUN_001228-T1_RhiirFUN_001228, RhiirFUN_001233-T1_RhiirFUN_001233, RhiirFUN_001234-T1_RhiirFUN_001234, RhiirFUN_003008-T1_RhiirFUN_003008, RhiirFUN_010076-T1_RhiirFUN_010076	
OG0000077		RhiirFUN_002111-T1_RhiirFUN_002111, RhiirFUN_010933-T1_RhiirFUN_010933, RhiirFUN_016570-T1_RhiirFUN_016570, RhiirFUN_016616-T1_RhiirFUN_016616, RhiirFUN_017363-T1_RhiirFUN_017363, RhiirFUN_017365-T1_RhiirFUN_017365	
OG0000078		RhiirFUN_003883-T1_RhiirFUN_003883, RhiirFUN_004720-T1_RhiirFUN_004720, RhiirFUN_007998-T1_RhiirFUN_007998, RhiirFUN_021426-T1_RhiirFUN_021426, RhiirFUN_022482-T1_RhiirFUN_022482, RhiirFUN_022491-T1_RhiirFUN_022491	
OG0000079		RhiirFUN_004071-T1_RhiirFUN_004071, RhiirFUN_005537-T1_RhiirFUN_005537, RhiirFUN_009902-T1_RhiirFUN_009902, RhiirFUN_010002-T1_RhiirFUN_010002, RhiirFUN_010491-T1_RhiirFUN_010491, RhiirFUN_013745-T1_RhiirFUN_013745	
OG0000080		RhiirFUN_005641-T1_RhiirFUN_005641, RhiirFUN_005678-T1_RhiirFUN_005678, RhiirFUN_005685-T1_RhiirFUN_005685, RhiirFUN_008582-T1_RhiirFUN_008582, RhiirFUN_016646-T1_RhiirFUN_016646, RhiirFUN_016962-T1_RhiirFUN_016962	
OG0000081		RhiirFUN_005993-T1_RhiirFUN_005993, RhiirFUN_005995-T1_RhiirFUN_005995, RhiirFUN_008468-T1_RhiirFUN_008468, RhiirFUN_008487-T1_RhiirFUN_008487, RhiirFUN_010921-T1_RhiirFUN_010921, RhiirFUN_010971-T1_RhiirFUN_010971	
OG0000082		RhiirFUN_011469-T1_RhiirFUN_011469, RhiirFUN_013083-T1_RhiirFUN_013083, RhiirFUN_021379-T1_RhiirFUN_021379, RhiirFUN_021434-T1_RhiirFUN_021434, RhiirFUN_023813-T1_RhiirFUN_023813, RhiirFUN_026254-T1_RhiirFUN_026254	
OG0000083			VDAG_JR2_Chr1g04030, VDAG_JR2_Chr1g06450, VDAG_JR2_Chr1g16590, VDAG_JR2_Chr1g26230, VDAG_JR2_Chr5g04590, VDAG_JR2_Chr6g10400
OG0000084			VDAG_JR2_Chr1g21450, VDAG_JR2_Chr2g09660, VDAG_JR2_Chr2g10790, VDAG_JR2_Chr2g11230, VDAG_JR2_Chr5g12240, VDAG_JR2_Chr6g06540
OG0000085			VDAG_JR2_Chr2g00540, VDAG_JR2_Chr4g05920, VDAG_JR2_Chr4g06600, VDAG_JR2_Chr4g11940, VDAG_JR2_Chr7g00710, VDAG_JR2_Chr8g05610
OG0000086			VDAG_JR2_Chr2g04320, VDAG_JR2_Chr3g08990, VDAG_JR2_Chr4g12040, VDAG_JR2_Chr5g09210, VDAG_JR2_Chr6g03080, VDAG_JR2_Chr8g01720
OG0000087	jgi|Copci_AmutBmut1|354859|e_gw1.2.237.1		VDAG_JR2_Chr1g17260, VDAG_JR2_Chr2g00180, VDAG_JR2_Chr2g08040, VDAG_JR2_Chr7g04100
OG0000088	jgi|Copci_AmutBmut1|37640|CE37639_1597, jgi|Copci_AmutBmut1|469460|fgenesh1_pm.4_#_191	RhiirFUN_005495-T1_RhiirFUN_005495, RhiirFUN_007901-T1_RhiirFUN_007901	VDAG_JR2_Chr3g02020
OG0000089	jgi|Copci_AmutBmut1|362412|e_gw1.27.90.1, jgi|Copci_AmutBmut1|373724|e_gw1.144.6.1, jgi|Copci_AmutBmut1|387620|estExt_Genewise1.C_70090, jgi|Copci_AmutBmut1|500945|gm1.8451_g, jgi|Copci_AmutBmut1|507812|MIX3364_30469_80		
OG0000090	jgi|Copci_AmutBmut1|363604|e_gw1.34.1.1, jgi|Copci_AmutBmut1|413970|estExt_Genewise1Plus.C_70284	RhiirFUN_010289-T1_RhiirFUN_010289	VDAG_JR2_Chr1g02770, VDAG_JR2_Chr4g05690
OG0000091	jgi|Copci_AmutBmut1|493828|gm1.1334_g	RhiirFUN_008848-T1_RhiirFUN_008848, RhiirFUN_015869-T1_RhiirFUN_015869, RhiirFUN_020930-T1_RhiirFUN_020930	VDAG_JR2_Chr7g07180
OG0000092	jgi|Copci_AmutBmut1|414471|estExt_Genewise1Plus.C_90084, jgi|Copci_AmutBmut1|442792|fgenesh1_kg.232_#_3_#_Locus15818v4rpkm0.47_PRE, jgi|Copci_AmutBmut1|484892|estExt_fgenesh1_pg.C_90028, jgi|Copci_AmutBmut1|505989|MIX1541_3239_34, jgi|Copci_AmutBmut1|546300|estExt_Genemark1.C_2830008		
OG0000093	jgi|Copci_AmutBmut1|494130|gm1.1636_g		VDAG_JR2_Chr1g19300, VDAG_JR2_Chr2g00720, VDAG_JR2_Chr2g12110, VDAG_JR2_Chr4g12170
OG0000094	jgi|Copci_AmutBmut1|278642|CE278641_4341, jgi|Copci_AmutBmut1|372943|e_gw1.131.44.1, jgi|Copci_AmutBmut1|406773|estExt_Genewise1.C_2350034, jgi|Copci_AmutBmut1|469600|fgenesh1_pm.41_#_22, jgi|Copci_AmutBmut1|538874|estExt_Genemark1.C_110004		
OG0000095	jgi|Copci_AmutBmut1|447524|fgenesh1_kg.484_#_2_#_Locus6535v1rpkm51.68, jgi|Copci_AmutBmut1|469722|fgenesh1_pm.42_#_30, jgi|Copci_AmutBmut1|494323|gm1.1829_g, jgi|Copci_AmutBmut1|501710|gm1.9216_g		VDAG_JR2_Chr4g05955
OG0000096	jgi|Copci_AmutBmut1|320481|gw1.775.2.1, jgi|Copci_AmutBmut1|462750|fgenesh1_pm.12_#_57, jgi|Copci_AmutBmut1|462752|fgenesh1_pm.12_#_59, jgi|Copci_AmutBmut1|485187|estExt_fgenesh1_pg.C_120051		VDAG_JR2_Chr8g10500
OG0000097	jgi|Copci_AmutBmut1|178826|CE178825_223, jgi|Copci_AmutBmut1|359659|e_gw1.15.124.1, jgi|Copci_AmutBmut1|363683|e_gw1.35.31.1, jgi|Copci_AmutBmut1|433064|estExt_Genewise1Plus.C_2440030, jgi|Copci_AmutBmut1|496212|gm1.3718_g		
OG0000098	jgi|Copci_AmutBmut1|233249|CE233248_3708, jgi|Copci_AmutBmut1|360173|e_gw1.17.275.1, jgi|Copci_AmutBmut1|370862|e_gw1.101.48.1	RhiirFUN_017645-T1_RhiirFUN_017645, RhiirFUN_017938-T1_RhiirFUN_017938	
OG0000099	jgi|Copci_AmutBmut1|360529|e_gw1.18.315.1	RhiirFUN_001566-T1_RhiirFUN_001566, RhiirFUN_003526-T1_RhiirFUN_003526	VDAG_JR2_Chr1g04060, VDAG_JR2_Chr8g11010
OG0000100	jgi|Copci_AmutBmut1|91570|CE91569_11240	RhiirFUN_012617-T1_RhiirFUN_012617, RhiirFUN_020752-T1_RhiirFUN_020752	VDAG_JR2_Chr1g08300, VDAG_JR2_Chr2g12030
OG0000101	jgi|Copci_AmutBmut1|417746|estExt_Genewise1Plus.C_210179, jgi|Copci_AmutBmut1|418092|estExt_Genewise1Plus.C_230079, jgi|Copci_AmutBmut1|470185|fgenesh1_pm.47_#_11, jgi|Copci_AmutBmut1|470186|fgenesh1_pm.47_#_12		VDAG_JR2_Chr3g03370
OG0000102	jgi|Copci_AmutBmut1|437501|fgenesh1_kg.108_#_30_#_Locus19406v1rpkm1.90, jgi|Copci_AmutBmut1|455228|fgenesh1_pg.24_#_4, jgi|Copci_AmutBmut1|455231|fgenesh1_pg.24_#_7, jgi|Copci_AmutBmut1|466518|fgenesh1_pm.24_#_8		VDAG_JR2_Chr4g09870
OG0000103	jgi|Copci_AmutBmut1|419912|estExt_Genewise1Plus.C_340111, jgi|Copci_AmutBmut1|445501|fgenesh1_kg.34_#_71_#_Locus12210v3rpkm4.35, jgi|Copci_AmutBmut1|495979|gm1.3485_g, jgi|Copci_AmutBmut1|495980|gm1.3486_g		VDAG_JR2_Chr4g00540
OG0000104	jgi|Copci_AmutBmut1|363916|e_gw1.36.107.1, jgi|Copci_AmutBmut1|369701|e_gw1.88.62.1, jgi|Copci_AmutBmut1|382130|e_gw1.421.11.1, jgi|Copci_AmutBmut1|464992|fgenesh1_pm.185_#_16, jgi|Copci_AmutBmut1|502296|gm1.9802_g		
OG0000105	jgi|Copci_AmutBmut1|446928|fgenesh1_kg.43_#_24_#_Locus8532v1rpkm34.79		VDAG_JR2_Chr1g22230, VDAG_JR2_Chr2g10970, VDAG_JR2_Chr5g05870, VDAG_JR2_Chr7g00800
OG0000106	jgi|Copci_AmutBmut1|381870|e_gw1.402.11.1, jgi|Copci_AmutBmut1|396822|estExt_Genewise1.C_600038, jgi|Copci_AmutBmut1|422937|estExt_Genewise1Plus.C_600036, jgi|Copci_AmutBmut1|459642|fgenesh1_pg.60_#_11, jgi|Copci_AmutBmut1|541880|estExt_Genemark1.C_600014		
OG0000107	jgi|Copci_AmutBmut1|240454|CE240453_356, jgi|Copci_AmutBmut1|377661|e_gw1.229.11.1, jgi|Copci_AmutBmut1|401628|estExt_Genewise1.C_1200032, jgi|Copci_AmutBmut1|409478|estExt_Genewise1.C_3720007, jgi|Copci_AmutBmut1|452134|fgenesh1_pg.120_#_10		
OG0000108	jgi|Copci_AmutBmut1|257118|CE257117_167, jgi|Copci_AmutBmut1|472158|fgenesh1_pm.70_#_34		VDAG_JR2_Chr2g00430, VDAG_JR2_Chr7g01330, VDAG_JR2_Chr7g09240
OG0000109	jgi|Copci_AmutBmut1|134641|CE134640_64, jgi|Copci_AmutBmut1|279486|CE279485_76, jgi|Copci_AmutBmut1|443461|fgenesh1_kg.257_#_2_#_Locus21522v2rpkm1.07, jgi|Copci_AmutBmut1|468626|fgenesh1_pm.345_#_2		VDAG_JR2_Chr1g05660
OG0000110	jgi|Copci_AmutBmut1|400893|estExt_Genewise1.C_1090046, jgi|Copci_AmutBmut1|432725|estExt_Genewise1Plus.C_2330002, jgi|Copci_AmutBmut1|437532|fgenesh1_kg.109_#_30_#_Locus10923v1rpkm20.86, jgi|Copci_AmutBmut1|479954|estExt_fgenesh1_pm.C_1090022, jgi|Copci_AmutBmut1|545777|estExt_Genemark1.C_2330007		
OG0000111	jgi|Copci_AmutBmut1|428738|estExt_Genewise1Plus.C_1370026	RhiirFUN_004755-T1_RhiirFUN_004755	VDAG_JR2_Chr1g26460, VDAG_JR2_Chr4g03040, VDAG_JR2_Chr7g03440
OG0000112	jgi|Copci_AmutBmut1|441476|fgenesh1_kg.199_#_29_#_Locus19337v2rpkm1.62, jgi|Copci_AmutBmut1|501135|gm1.8641_g	RhiirFUN_017177-T1_RhiirFUN_017177, RhiirFUN_018637-T1_RhiirFUN_018637	VDAG_JR2_Chr7g01500
OG0000113	jgi|Copci_AmutBmut1|197636|CE197635_58004	RhiirFUN_001019-T1_RhiirFUN_001019, RhiirFUN_015671-T1_RhiirFUN_015671, RhiirFUN_015767-T1_RhiirFUN_015767	VDAG_JR2_Chr1g18430
OG0000114		RhiirFUN_000384-T1_RhiirFUN_000384, RhiirFUN_005247-T1_RhiirFUN_005247, RhiirFUN_013893-T1_RhiirFUN_013893, RhiirFUN_015516-T1_RhiirFUN_015516, RhiirFUN_026872-T1_RhiirFUN_026872	
OG0000115		RhiirFUN_001300-T1_RhiirFUN_001300, RhiirFUN_006935-T1_RhiirFUN_006935, RhiirFUN_006966-T1_RhiirFUN_006966, RhiirFUN_011153-T1_RhiirFUN_011153, RhiirFUN_018684-T1_RhiirFUN_018684	
OG0000116		RhiirFUN_002372-T1_RhiirFUN_002372, RhiirFUN_003856-T1_RhiirFUN_003856, RhiirFUN_009471-T1_RhiirFUN_009471, RhiirFUN_023975-T1_RhiirFUN_023975, RhiirFUN_023976-T1_RhiirFUN_023976	
OG0000117		RhiirFUN_003870-T1_RhiirFUN_003870, RhiirFUN_012982-T1_RhiirFUN_012982, RhiirFUN_014199-T1_RhiirFUN_014199, RhiirFUN_016890-T1_RhiirFUN_016890, RhiirFUN_025421-T1_RhiirFUN_025421	
OG0000118		RhiirFUN_008074-T1_RhiirFUN_008074, RhiirFUN_013912-T1_RhiirFUN_013912, RhiirFUN_016390-T1_RhiirFUN_016390, RhiirFUN_016488-T1_RhiirFUN_016488, RhiirFUN_022356-T1_RhiirFUN_022356	
OG0000119		RhiirFUN_017157-T1_RhiirFUN_017157, RhiirFUN_017163-T1_RhiirFUN_017163, RhiirFUN_017167-T1_RhiirFUN_017167, RhiirFUN_017168-T1_RhiirFUN_017168, RhiirFUN_017170-T1_RhiirFUN_017170	
OG0000120			VDAG_JR2_Chr1g06210, VDAG_JR2_Chr4g10470, VDAG_JR2_Chr4g11710, VDAG_JR2_Chr5g04200, VDAG_JR2_Chr8g10380
OG0000121	jgi|Copci_AmutBmut1|356379|e_gw1.5.312.1, jgi|Copci_AmutBmut1|478065|estExt_fgenesh1_pm.C_540025, jgi|Copci_AmutBmut1|495464|gm1.2970_g, jgi|Copci_AmutBmut1|537646|estExt_Genemark1.C_20142		
OG0000122	jgi|Copci_AmutBmut1|404475|estExt_Genewise1.C_1730041, jgi|Copci_AmutBmut1|464658|fgenesh1_pm.173_#_14, jgi|Copci_AmutBmut1|473866|estExt_fgenesh1_pm.C_20119, jgi|Copci_AmutBmut1|544872|estExt_Genemark1.C_1730015		
OG0000123	jgi|Copci_AmutBmut1|441612|fgenesh1_kg.2_#_128_#_Locus3683v4rpkm0.00_PRE, jgi|Copci_AmutBmut1|456636|fgenesh1_pg.31_#_49, jgi|Copci_AmutBmut1|480395|estExt_fgenesh1_pm.C_1260011, jgi|Copci_AmutBmut1|64123|CE64122_311		
OG0000124	jgi|Copci_AmutBmut1|403343|estExt_Genewise1.C_1500016, jgi|Copci_AmutBmut1|410865|estExt_Genewise1Plus.C_1_t10067, jgi|Copci_AmutBmut1|439704|fgenesh1_kg.150_#_18_#_Locus12700v2rpkm0.00_PRE, jgi|Copci_AmutBmut1|451173|fgenesh1_pg.1_#_9		
OG0000125	jgi|Copci_AmutBmut1|375145|e_gw1.170.25.1, jgi|Copci_AmutBmut1|375157|e_gw1.170.51.1, jgi|Copci_AmutBmut1|469350|fgenesh1_pm.4_#_81, jgi|Copci_AmutBmut1|77434|CE77433_8328		
OG0000126	jgi|Copci_AmutBmut1|185637|CE185636_190761, jgi|Copci_AmutBmut1|356026|e_gw1.4.356.1, jgi|Copci_AmutBmut1|454076|fgenesh1_pg.190_#_8, jgi|Copci_AmutBmut1|501712|gm1.9218_g		
OG0000127	jgi|Copci_AmutBmut1|461288|fgenesh1_pg.9_#_110, jgi|Copci_AmutBmut1|503483|gm1.10989_g	RhiirFUN_022708-T1_RhiirFUN_022708	VDAG_JR2_Chr7g09670
OG0000128	jgi|Copci_AmutBmut1|437675|fgenesh1_kg.11_#_122_#_Locus7472v1rpkm43.09	RhiirFUN_005609-T1_RhiirFUN_005609, RhiirFUN_009457-T1_RhiirFUN_009457	VDAG_JR2_Chr1g15040
OG0000129	jgi|Copci_AmutBmut1|452078|fgenesh1_pg.12_#_44, jgi|Copci_AmutBmut1|494326|gm1.1832_g	RhiirFUN_023095-T1_RhiirFUN_023095, RhiirFUN_026730-T1_RhiirFUN_026730	
OG0000130	jgi|Copci_AmutBmut1|366772|e_gw1.58.116.1, jgi|Copci_AmutBmut1|426491|estExt_Genewise1Plus.C_1010061, jgi|Copci_AmutBmut1|500258|gm1.7764_g, jgi|Copci_AmutBmut1|539020|estExt_Genemark1.C_120050		
OG0000131	jgi|Copci_AmutBmut1|359866|e_gw1.16.209.1, jgi|Copci_AmutBmut1|39973|CE39972_1956, jgi|Copci_AmutBmut1|419688|estExt_Genewise1Plus.C_320150, jgi|Copci_AmutBmut1|438716|fgenesh1_kg.13_#_139_#_Locus20566v1rpkm1.38		
OG0000132	jgi|Copci_AmutBmut1|359052|e_gw1.13.289.1	RhiirFUN_019400-T1_RhiirFUN_019400, RhiirFUN_026425-T1_RhiirFUN_026425	VDAG_JR2_Chr1g06260
OG0000133	jgi|Copci_AmutBmut1|384311|e_gw1.768.2.1, jgi|Copci_AmutBmut1|442449|fgenesh1_kg.22_#_92_#_Locus15316v1rpkm6.67	RhiirFUN_004965-T1_RhiirFUN_004965, RhiirFUN_004971-T1_RhiirFUN_004971	
OG0000134	jgi|Copci_AmutBmut1|361777|e_gw1.23.129.1	RhiirFUN_005472-T1_RhiirFUN_005472, RhiirFUN_005542-T1_RhiirFUN_005542	VDAG_JR2_Chr7g04730
OG0000135	jgi|Copci_AmutBmut1|149517|CE149516_1217, jgi|Copci_AmutBmut1|407115|estExt_Genewise1.C_2480009, jgi|Copci_AmutBmut1|495833|gm1.3339_g		VDAG_JR2_Chr4g09780
OG0000136	jgi|Copci_AmutBmut1|260599|CE260598_19825, jgi|Copci_AmutBmut1|444877|fgenesh1_kg.31_#_15_#_Locus13050v2rpkm0.62_PRE, jgi|Copci_AmutBmut1|444878|fgenesh1_kg.31_#_16_#_Locus16490v1rpkm4.64, jgi|Copci_AmutBmut1|547212|estExt_Genemark1.C_4690001		
OG0000137	jgi|Copci_AmutBmut1|207709|CE207708_91, jgi|Copci_AmutBmut1|365171|e_gw1.46.132.1, jgi|Copci_AmutBmut1|447199|fgenesh1_kg.457_#_6_#_Locus24629v2rpkm0.44, jgi|Copci_AmutBmut1|503585|gm1.11091_g		
OG0000138	jgi|Copci_AmutBmut1|368915|e_gw1.79.69.1, jgi|Copci_AmutBmut1|397943|estExt_Genewise1.C_710038, jgi|Copci_AmutBmut1|421349|estExt_Genewise1Plus.C_460078, jgi|Copci_AmutBmut1|449551|fgenesh1_kg.71_#_20_#_Locus29446v1rpkm0.14		
OG0000139	jgi|Copci_AmutBmut1|421528|estExt_Genewise1Plus.C_480031	RhiirFUN_010336-T1_RhiirFUN_010336	VDAG_JR2_Chr2g01950, VDAG_JR2_Chr4g12230
OG0000140	jgi|Copci_AmutBmut1|422492|estExt_Genewise1Plus.C_560013, jgi|Copci_AmutBmut1|501856|gm1.9362_g, jgi|Copci_AmutBmut1|532280|MIX27832_4667_58		VDAG_JR2_Chr1g29760
OG0000141	jgi|Copci_AmutBmut1|366895|e_gw1.59.27.1, jgi|Copci_AmutBmut1|367485|e_gw1.65.80.1, jgi|Copci_AmutBmut1|367542|e_gw1.65.57.1, jgi|Copci_AmutBmut1|423575|estExt_Genewise1Plus.C_660086		
OG0000142	jgi|Copci_AmutBmut1|289976|CE289975_788		VDAG_JR2_Chr1g20270, VDAG_JR2_Chr3g11400, VDAG_JR2_Chr6g03700
OG0000143	jgi|Copci_AmutBmut1|437769|fgenesh1_kg.111_#_37_#_Locus6665v1rpkm50.25, jgi|Copci_AmutBmut1|482968|estExt_fgenesh1_pm.C_3080001, jgi|Copci_AmutBmut1|504240|gm1.11746_g, jgi|Copci_AmutBmut1|546487|estExt_Genemark1.C_3080003		
OG0000144	jgi|Copci_AmutBmut1|23471|CE23470_107654	RhiirFUN_011468-T1_RhiirFUN_011468, RhiirFUN_026450-T1_RhiirFUN_026450	VDAG_JR2_Chr3g10940
OG0000145	jgi|Copci_AmutBmut1|483177|estExt_fgenesh1_pm.C_3390006, jgi|Copci_AmutBmut1|489193|estExt_fgenesh1_pg.C_1170019, jgi|Copci_AmutBmut1|543697|estExt_Genemark1.C_1170021, jgi|Copci_AmutBmut1|95503|CE95502_335		
OG0000146	jgi|Copci_AmutBmut1|70377|CE70376_38200		VDAG_JR2_Chr6g06860, VDAG_JR2_Chr7g05590, VDAG_JR2_Chr8g07190
OG0000147	jgi|Copci_AmutBmut1|376341|e_gw1.195.48.1, jgi|Copci_AmutBmut1|378364|e_gw1.249.21.1, jgi|Copci_AmutBmut1|380101|e_gw1.311.9.1, jgi|Copci_AmutBmut1|465262|fgenesh1_pm.195_#_13		
OG0000148	jgi|Copci_AmutBmut1|111399|CE111398_3332, jgi|Copci_AmutBmut1|163161|CE163160_245, jgi|Copci_AmutBmut1|465916|fgenesh1_pm.210_#_6		VDAG_JR2_Chr6g09600
OG0000149	jgi|Copci_AmutBmut1|341502|gw1.339.10.1, jgi|Copci_AmutBmut1|379418|e_gw1.284.5.1, jgi|Copci_AmutBmut1|470440|fgenesh1_pm.493_#_2, jgi|Copci_AmutBmut1|502842|gm1.10348_g		
OG0000150	jgi|Copci_AmutBmut1|448165|fgenesh1_kg.543_#_2_#_Locus7910v1rpkm39.48, jgi|Copci_AmutBmut1|502579|gm1.10085_g	RhiirFUN_020976-T1_RhiirFUN_020976	VDAG_JR2_Chr1g03980
OG0000151	jgi|Copci_AmutBmut1|491915|estExt_fgenesh1_pg.C_3520003, jgi|Copci_AmutBmut1|503020|gm1.10526_g, jgi|Copci_AmutBmut1|546855|estExt_Genemark1.C_3600002		VDAG_JR2_Chr4g01570
OG0000152	jgi|Copci_AmutBmut1|382593|e_gw1.458.4.1	RhiirFUN_012303-T1_RhiirFUN_012303	VDAG_JR2_Chr5g00850, VDAG_JR2_Chr8g11290
OG0000153		RhiirFUN_001512-T1_RhiirFUN_001512, RhiirFUN_004938-T1_RhiirFUN_004938, RhiirFUN_009038-T1_RhiirFUN_009038, RhiirFUN_018219-T1_RhiirFUN_018219	
OG0000154		RhiirFUN_001592-T1_RhiirFUN_001592, RhiirFUN_005418-T1_RhiirFUN_005418, RhiirFUN_011149-T1_RhiirFUN_011149, RhiirFUN_015484-T1_RhiirFUN_015484	
OG0000155		RhiirFUN_004030-T1_RhiirFUN_004030, RhiirFUN_004056-T1_RhiirFUN_004056, RhiirFUN_010361-T1_RhiirFUN_010361, RhiirFUN_010395-T1_RhiirFUN_010395	
OG0000156		RhiirFUN_005175-T1_RhiirFUN_005175, RhiirFUN_007334-T1_RhiirFUN_007334, RhiirFUN_012879-T1_RhiirFUN_012879, RhiirFUN_022971-T1_RhiirFUN_022971	
OG0000157		RhiirFUN_005526-T1_RhiirFUN_005526, RhiirFUN_013221-T1_RhiirFUN_013221, RhiirFUN_020268-T1_RhiirFUN_020268, RhiirFUN_020269-T1_RhiirFUN_020269	
OG0000158		RhiirFUN_006296-T1_RhiirFUN_006296, RhiirFUN_007184-T1_RhiirFUN_007184, RhiirFUN_016121-T1_RhiirFUN_016121, RhiirFUN_023558-T1_RhiirFUN_023558	
OG0000159		RhiirFUN_006733-T1_RhiirFUN_006733, RhiirFUN_006734-T1_RhiirFUN_006734, RhiirFUN_008727-T1_RhiirFUN_008727, RhiirFUN_008752-T1_RhiirFUN_008752	
OG0000160		RhiirFUN_009058-T1_RhiirFUN_009058, RhiirFUN_023521-T1_RhiirFUN_023521, RhiirFUN_025775-T1_RhiirFUN_025775, RhiirFUN_025776-T1_RhiirFUN_025776	
OG0000161		RhiirFUN_009548-T1_RhiirFUN_009548, RhiirFUN_009549-T1_RhiirFUN_009549, RhiirFUN_014084-T1_RhiirFUN_014084, RhiirFUN_019012-T1_RhiirFUN_019012	
OG0000162		RhiirFUN_012146-T1_RhiirFUN_012146, RhiirFUN_012147-T1_RhiirFUN_012147, RhiirFUN_012148-T1_RhiirFUN_012148, RhiirFUN_015496-T1_RhiirFUN_015496	
OG0000163		RhiirFUN_014802-T1_RhiirFUN_014802, RhiirFUN_017699-T1_RhiirFUN_017699, RhiirFUN_017700-T1_RhiirFUN_017700, RhiirFUN_021245-T1_RhiirFUN_021245	
OG0000164		RhiirFUN_016412-T1_RhiirFUN_016412, RhiirFUN_021343-T1_RhiirFUN_021343, RhiirFUN_022903-T1_RhiirFUN_022903, RhiirFUN_022906-T1_RhiirFUN_022906	
OG0000165		RhiirFUN_023984-T1_RhiirFUN_023984, RhiirFUN_023985-T1_RhiirFUN_023985, RhiirFUN_023998-T1_RhiirFUN_023998, RhiirFUN_023999-T1_RhiirFUN_023999	
OG0000166			VDAG_JR2_Chr1g02480, VDAG_JR2_Chr4g05910, VDAG_JR2_Chr6g09650, VDAG_JR2_Chr8g01370
OG0000167			VDAG_JR2_Chr1g04730, VDAG_JR2_Chr5g07850, VDAG_JR2_Chr6g04190, VDAG_JR2_Chr8g08420
OG0000168			VDAG_JR2_Chr1g21440, VDAG_JR2_Chr2g09650, VDAG_JR2_Chr2g10800, VDAG_JR2_Chr2g11220
OG0000169			VDAG_JR2_Chr1g24730, VDAG_JR2_Chr1g24880, VDAG_JR2_Chr2g02500, VDAG_JR2_Chr4g07990
OG0000170			VDAG_JR2_Chr1g27780, VDAG_JR2_Chr3g01520, VDAG_JR2_Chr3g08710, VDAG_JR2_Chr6g06740
OG0000171			VDAG_JR2_Chr1g28960, VDAG_JR2_Chr4g06240, VDAG_JR2_Chr5g00260, VDAG_JR2_Chr8g02090
OG0000172			VDAG_JR2_Chr2g02220, VDAG_JR2_Chr2g05810, VDAG_JR2_Chr3g12850, VDAG_JR2_Chr4g11750
OG0000173			VDAG_JR2_Chr2g04560, VDAG_JR2_Chr3g03040, VDAG_JR2_Chr6g03110, VDAG_JR2_Chr8g11270
OG0000174			VDAG_JR2_Chr2g06370, VDAG_JR2_Chr3g12600, VDAG_JR2_Chr6g01720, VDAG_JR2_Chr8g10410
OG0000175			VDAG_JR2_Chr2g08860, VDAG_JR2_Chr5g03320, VDAG_JR2_Chr5g08390, VDAG_JR2_Chr6g10160
OG0000176			VDAG_JR2_Chr3g06310, VDAG_JR2_Chr3g10480, VDAG_JR2_Chr5g09770, VDAG_JR2_Chr7g02730
OG0000177			VDAG_JR2_Chr3g06370, VDAG_JR2_Chr4g04330, VDAG_JR2_Chr4g11580, VDAG_JR2_Chr8g01530
OG0000178			VDAG_JR2_Chr4g04430, VDAG_JR2_Chr4g07090, VDAG_JR2_Chr5g01500, VDAG_JR2_Chr5g05780
OG0000179	jgi|Copci_AmutBmut1|355230|e_gw1.3.198.1	RhiirFUN_006177-T1_RhiirFUN_006177	VDAG_JR2_Chr3g05790
OG0000180	jgi|Copci_AmutBmut1|493032|gm1.538_g	RhiirFUN_020118-T1_RhiirFUN_020118	VDAG_JR2_Chr1g01630
OG0000181	jgi|Copci_AmutBmut1|354994|e_gw1.3.402.1	RhiirFUN_007644-T1_RhiirFUN_007644	VDAG_JR2_Chr3g00110
OG0000182	jgi|Copci_AmutBmut1|374|CE373_9578, jgi|Copci_AmutBmut1|394172|estExt_Genewise1.C_370052, jgi|Copci_AmutBmut1|436761|fgenesh1_kg.1_#_20_#_Locus11928v1rpkm16.56		
OG0000183	jgi|Copci_AmutBmut1|194058|CE194057_5357, jgi|Copci_AmutBmut1|469385|fgenesh1_pm.4_#_116	RhiirFUN_026462-T1_RhiirFUN_026462	
OG0000184	jgi|Copci_AmutBmut1|402016|estExt_Genewise1.C_1260051, jgi|Copci_AmutBmut1|447703|fgenesh1_kg.5_#_85_#_Locus9188v1rpkm30.52		VDAG_JR2_Chr6g09810
OG0000185	jgi|Copci_AmutBmut1|379963|e_gw1.306.28.1, jgi|Copci_AmutBmut1|379980|e_gw1.306.21.1, jgi|Copci_AmutBmut1|458799|fgenesh1_pg.5_#_73		
OG0000186	jgi|Copci_AmutBmut1|238805|CE238804_16308, jgi|Copci_AmutBmut1|267547|CE267546_377, jgi|Copci_AmutBmut1|449966|fgenesh1_kg.79_#_40_#_Locus15519v1rpkm6.29		
OG0000187	jgi|Copci_AmutBmut1|472010|fgenesh1_pm.7_#_26	RhiirFUN_009243-T1_RhiirFUN_009243	VDAG_JR2_Chr3g05360
OG0000188	jgi|Copci_AmutBmut1|450030|fgenesh1_kg.8_#_51_#_Locus851v1rpkm308.83, jgi|Copci_AmutBmut1|543646|estExt_Genemark1.C_1150018		VDAG_JR2_Chr4g12090
OG0000189	jgi|Copci_AmutBmut1|283463|CE283462_5764	RhiirFUN_024725-T1_RhiirFUN_024725	VDAG_JR2_Chr7g06250
OG0000190	jgi|Copci_AmutBmut1|404575|estExt_Genewise1.C_1750044, jgi|Copci_AmutBmut1|461847|fgenesh1_pm.10_#_3, jgi|Copci_AmutBmut1|538770|estExt_Genemark1.C_100001		
OG0000191	jgi|Copci_AmutBmut1|437064|fgenesh1_kg.10_#_69_#_Locus23432v1rpkm0.69, jgi|Copci_AmutBmut1|472799|fgenesh1_pm.82_#_24, jgi|Copci_AmutBmut1|9990|CE9989_286		
OG0000192	jgi|Copci_AmutBmut1|358179|e_gw1.10.135.1, jgi|Copci_AmutBmut1|440817|fgenesh1_kg.18_#_92_#_Locus13327v1rpkm11.65		VDAG_JR2_Chr6g03090
OG0000193	jgi|Copci_AmutBmut1|438130|fgenesh1_kg.12_#_91_#_Locus1469v1rpkm205.91	RhiirFUN_020990-T1_RhiirFUN_020990	VDAG_JR2_Chr1g09700
OG0000194	jgi|Copci_AmutBmut1|415585|estExt_Genewise1Plus.C_130053	RhiirFUN_000992-T1_RhiirFUN_000992	VDAG_JR2_Chr1g07810
OG0000195	jgi|Copci_AmutBmut1|39866|CE39865_6670	RhiirFUN_008595-T1_RhiirFUN_008595	VDAG_JR2_Chr3g06930
OG0000196	jgi|Copci_AmutBmut1|359252|e_gw1.14.223.1	RhiirFUN_009578-T1_RhiirFUN_009578	VDAG_JR2_Chr7g01860
OG0000197	jgi|Copci_AmutBmut1|57418|CE57417_733		VDAG_JR2_Chr5g01720, VDAG_JR2_Chr6g05220
OG0000198	jgi|Copci_AmutBmut1|416253|estExt_Genewise1Plus.C_150200	RhiirFUN_004344-T1_RhiirFUN_004344	VDAG_JR2_Chr1g10020
OG0000199	jgi|Copci_AmutBmut1|464181|fgenesh1_pm.16_#_25	RhiirFUN_006995-T1_RhiirFUN_006995	VDAG_JR2_Chr6g09510
OG0000200	jgi|Copci_AmutBmut1|359841|e_gw1.16.255.1		VDAG_JR2_Chr4g02950, VDAG_JR2_Chr4g11100
OG0000201	jgi|Copci_AmutBmut1|475807|estExt_fgenesh1_pm.C_160080	RhiirFUN_020801-T1_RhiirFUN_020801	VDAG_JR2_Chr1g19810
OG0000202	jgi|Copci_AmutBmut1|441794|fgenesh1_kg.20_#_40_#_Locus7626v1rpkm41.83	RhiirFUN_019441-T1_RhiirFUN_019441	VDAG_JR2_Chr6g00490
OG0000203	jgi|Copci_AmutBmut1|495249|gm1.2755_g	RhiirFUN_004036-T1_RhiirFUN_004036	VDAG_JR2_Chr7g03330
OG0000204	jgi|Copci_AmutBmut1|391671|estExt_Genewise1.C_220007, jgi|Copci_AmutBmut1|418773|estExt_Genewise1Plus.C_270012, jgi|Copci_AmutBmut1|446885|fgenesh1_kg.426_#_4_#_Locus24108v3rpkm0.29		
OG0000205	jgi|Copci_AmutBmut1|116146|CE116145_5860, jgi|Copci_AmutBmut1|361505|e_gw1.22.103.1, jgi|Copci_AmutBmut1|495335|gm1.2841_g		
OG0000206	jgi|Copci_AmutBmut1|495380|gm1.2886_g	RhiirFUN_000368-T1_RhiirFUN_000368	VDAG_JR2_Chr1g24280
OG0000207	jgi|Copci_AmutBmut1|466317|fgenesh1_pm.23_#_33	RhiirFUN_020169-T1_RhiirFUN_020169	VDAG_JR2_Chr4g00380
OG0000208	jgi|Copci_AmutBmut1|361787|e_gw1.24.149.1		VDAG_JR2_Chr4g09790, VDAG_JR2_Chr4g11060
OG0000209	jgi|Copci_AmutBmut1|126040|CE126039_673, jgi|Copci_AmutBmut1|470689|fgenesh1_pm.51_#_3		VDAG_JR2_Chr6g03170
OG0000210	jgi|Copci_AmutBmut1|141512|CE141511_802		VDAG_JR2_Chr5g08920, VDAG_JR2_Chr7g00020
OG0000211	jgi|Copci_AmutBmut1|444029|fgenesh1_kg.28_#_45_#_Locus5950v1rpkm58.06	RhiirFUN_009820-T1_RhiirFUN_009820	VDAG_JR2_Chr3g06270
OG0000212	jgi|Copci_AmutBmut1|490533|estExt_fgenesh1_pg.C_1960009, jgi|Copci_AmutBmut1|522447|MIX17999_654_57		VDAG_JR2_Chr3g12210
OG0000213	jgi|Copci_AmutBmut1|419824|estExt_Genewise1Plus.C_340014	RhiirFUN_022562-T1_RhiirFUN_022562	VDAG_JR2_Chr1g04050
OG0000214	jgi|Copci_AmutBmut1|364398|e_gw1.40.69.1, jgi|Copci_AmutBmut1|441882|fgenesh1_kg.201_#_6_#_Locus25980v1rpkm0.40, jgi|Copci_AmutBmut1|477408|estExt_fgenesh1_pm.C_400038		
OG0000215	jgi|Copci_AmutBmut1|439052|fgenesh1_kg.139_#_5_#_Locus8217v1rpkm37.07, jgi|Copci_AmutBmut1|477618|estExt_fgenesh1_pm.C_440045	RhiirFUN_006948-T1_RhiirFUN_006948	
OG0000216	jgi|Copci_AmutBmut1|365456|e_gw1.48.102.1, jgi|Copci_AmutBmut1|463000|fgenesh1_pm.127_#_2		VDAG_JR2_Chr8g00480
OG0000217	jgi|Copci_AmutBmut1|365976|e_gw1.52.35.1, jgi|Copci_AmutBmut1|395952|estExt_Genewise1.C_520040, jgi|Copci_AmutBmut1|448024|fgenesh1_kg.52_#_64_#_Locus13v1rpkm4429.61		
OG0000218	jgi|Copci_AmutBmut1|226837|CE226836_777		VDAG_JR2_Chr1g22290, VDAG_JR2_Chr8g08990
OG0000219	jgi|Copci_AmutBmut1|366544|e_gw1.56.107.1, jgi|Copci_AmutBmut1|442921|fgenesh1_kg.238_#_6_#_Locus555v1rpkm427.15, jgi|Copci_AmutBmut1|450499|fgenesh1_kg.87_#_16_#_Locus7578v2rpkm25.52		
OG0000220	jgi|Copci_AmutBmut1|541839|estExt_Genemark1.C_590011		VDAG_JR2_Chr6g06710, VDAG_JR2_Chr8g01870
OG0000221	jgi|Copci_AmutBmut1|459750|fgenesh1_pg.62_#_9		VDAG_JR2_Chr4g11540, VDAG_JR2_Chr6g08970
OG0000222	jgi|Copci_AmutBmut1|471638|fgenesh1_pm.63_#_21	RhiirFUN_014969-T1_RhiirFUN_014969	VDAG_JR2_Chr7g02770
OG0000223	jgi|Copci_AmutBmut1|397232|estExt_Genewise1.C_640066, jgi|Copci_AmutBmut1|515314|MIX10866_64_31, jgi|Copci_AmutBmut1|530431|MIX25983_45_88		
OG0000224	jgi|Copci_AmutBmut1|498135|gm1.5641_g	RhiirFUN_004573-T1_RhiirFUN_004573	VDAG_JR2_Chr4g02250
OG0000225	jgi|Copci_AmutBmut1|267460|CE267459_11471	RhiirFUN_025153-T1_RhiirFUN_025153	VDAG_JR2_Chr3g07180
OG0000226	jgi|Copci_AmutBmut1|279218|CE279217_65, jgi|Copci_AmutBmut1|491298|estExt_fgenesh1_pg.C_2640013		VDAG_JR2_Chr1g21900
OG0000227	jgi|Copci_AmutBmut1|450551|fgenesh1_kg.88_#_23_#_Locus7848v1rpkm40.04	RhiirFUN_010613-T1_RhiirFUN_010613, RhiirFUN_010701-T1_RhiirFUN_010701	
OG0000228	jgi|Copci_AmutBmut1|371403|e_gw1.109.67.1, jgi|Copci_AmutBmut1|399432|estExt_Genewise1.C_890023, jgi|Copci_AmutBmut1|87116|CE87115_2349		
OG0000229	jgi|Copci_AmutBmut1|488558|estExt_fgenesh1_pg.C_900021, jgi|Copci_AmutBmut1|499901|gm1.7407_g		VDAG_JR2_Chr2g02960
OG0000230	jgi|Copci_AmutBmut1|285476|CE285475_1930, jgi|Copci_AmutBmut1|382037|e_gw1.414.11.1, jgi|Copci_AmutBmut1|469664|fgenesh1_pm.414_#_2		
OG0000231	jgi|Copci_AmutBmut1|498660|gm1.6166_g	RhiirFUN_004736-T1_RhiirFUN_004736	VDAG_JR2_Chr6g05700
OG0000232	jgi|Copci_AmutBmut1|400480|estExt_Genewise1.C_1030033, jgi|Copci_AmutBmut1|462081|fgenesh1_pm.103_#_13, jgi|Copci_AmutBmut1|498983|gm1.6489_g		
OG0000233	jgi|Copci_AmutBmut1|371012|e_gw1.104.64.1, jgi|Copci_AmutBmut1|371026|e_gw1.104.23.1, jgi|Copci_AmutBmut1|447960|fgenesh1_kg.516_#_5_#_Locus10330v1rpkm24.06		
OG0000234	jgi|Copci_AmutBmut1|14442|CE14441_937, jgi|Copci_AmutBmut1|400577|estExt_Genewise1.C_1050007, jgi|Copci_AmutBmut1|469133|fgenesh1_pm.383_#_4		
OG0000235	jgi|Copci_AmutBmut1|379049|e_gw1.270.27.1, jgi|Copci_AmutBmut1|437384|fgenesh1_kg.106_#_2_#_Locus21253v2rpkm0.57, jgi|Copci_AmutBmut1|78634|CE78633_1764		
OG0000236	jgi|Copci_AmutBmut1|371486|e_gw1.110.15.1, jgi|Copci_AmutBmut1|451800|fgenesh1_pg.110_#_3		VDAG_JR2_Chr6g09240
OG0000237	jgi|Copci_AmutBmut1|451905|fgenesh1_pg.114_#_13		VDAG_JR2_Chr1g15200, VDAG_JR2_Chr1g22770
OG0000238	jgi|Copci_AmutBmut1|371840|e_gw1.115.23.1	RhiirFUN_014291-T1_RhiirFUN_014291	VDAG_JR2_Chr3g02730
OG0000239	jgi|Copci_AmutBmut1|499507|gm1.7013_g	RhiirFUN_001473-T1_RhiirFUN_001473	VDAG_JR2_Chr6g10790
OG0000240	jgi|Copci_AmutBmut1|499571|gm1.7077_g, jgi|Copci_AmutBmut1|508076|MIX3628_1_16	RhiirFUN_023972-T1_RhiirFUN_023972	
OG0000241	jgi|Copci_AmutBmut1|372643|e_gw1.127.22.1	RhiirFUN_014074-T1_RhiirFUN_014074	VDAG_JR2_Chr1g05770
OG0000242	jgi|Copci_AmutBmut1|453112|fgenesh1_pg.152_#_16	RhiirFUN_000655-T1_RhiirFUN_000655	VDAG_JR2_Chr6g03270
OG0000243	jgi|Copci_AmutBmut1|489902|estExt_fgenesh1_pg.C_1540010	RhiirFUN_018442-T1_RhiirFUN_018442	VDAG_JR2_Chr1g19200
OG0000244	jgi|Copci_AmutBmut1|71224|CE71223_10827	RhiirFUN_007444-T1_RhiirFUN_007444	VDAG_JR2_Chr1g26400
OG0000245	jgi|Copci_AmutBmut1|464582|fgenesh1_pm.170_#_4	RhiirFUN_017237-T1_RhiirFUN_017237	VDAG_JR2_Chr8g07020
OG0000246	jgi|Copci_AmutBmut1|170751|CE170750_10584, jgi|Copci_AmutBmut1|440599|fgenesh1_kg.173_#_16_#_Locus1792v1rpkm175.60, jgi|Copci_AmutBmut1|446874|fgenesh1_kg.423_#_7_#_Locus4890v1rpkm72.52		
OG0000247	jgi|Copci_AmutBmut1|376020|e_gw1.189.21.1, jgi|Copci_AmutBmut1|453986|fgenesh1_pg.189_#_9, jgi|Copci_AmutBmut1|501129|gm1.8635_g		
OG0000248	jgi|Copci_AmutBmut1|227722|CE227721_7963, jgi|Copci_AmutBmut1|376354|e_gw1.196.45.1		VDAG_JR2_Chr3g01480
OG0000249	jgi|Copci_AmutBmut1|436360|estExt_Genewise1Plus.C_4990001, jgi|Copci_AmutBmut1|447616|fgenesh1_kg.499_#_2_#_Locus13194v1rpkm12.01, jgi|Copci_AmutBmut1|465752|fgenesh1_pm.206_#_9		
OG0000250	jgi|Copci_AmutBmut1|117152|CE117151_4001, jgi|Copci_AmutBmut1|376916|e_gw1.208.12.1, jgi|Copci_AmutBmut1|442034|fgenesh1_kg.208_#_6_#_Locus13125v1rpkm12.23		
OG0000251	jgi|Copci_AmutBmut1|501446|gm1.8952_g	RhiirFUN_009363-T1_RhiirFUN_009363	VDAG_JR2_Chr6g06980
OG0000252	jgi|Copci_AmutBmut1|377292|e_gw1.218.29.1	RhiirFUN_020966-T1_RhiirFUN_020966	VDAG_JR2_Chr2g01590
OG0000253	jgi|Copci_AmutBmut1|435370|estExt_Genewise1Plus.C_3610005, jgi|Copci_AmutBmut1|516779|MIX12331_194_74		VDAG_JR2_Chr8g10770
OG0000254	jgi|Copci_AmutBmut1|432634|estExt_Genewise1Plus.C_2300009	RhiirFUN_012041-T1_RhiirFUN_012041	VDAG_JR2_Chr7g00600
OG0000255	jgi|Copci_AmutBmut1|443934|fgenesh1_kg.276_#_7_#_Locus4466v1rpkm78.80	RhiirFUN_014062-T1_RhiirFUN_014062	VDAG_JR2_Chr2g02130
OG0000256	jgi|Copci_AmutBmut1|407979|estExt_Genewise1.C_2820014	RhiirFUN_013212-T1_RhiirFUN_013212	VDAG_JR2_Chr8g06430
OG0000257	jgi|Copci_AmutBmut1|151348|CE151347_842, jgi|Copci_AmutBmut1|408181|estExt_Genewise1.C_2920003, jgi|Copci_AmutBmut1|435608|estExt_Genewise1Plus.C_3890011		
OG0000258	jgi|Copci_AmutBmut1|491702|estExt_fgenesh1_pg.C_3170004, jgi|Copci_AmutBmut1|546727|estExt_Genemark1.C_3420004		VDAG_JR2_Chr6g04040
OG0000259	jgi|Copci_AmutBmut1|435281|estExt_Genewise1Plus.C_3550020, jgi|Copci_AmutBmut1|471016|fgenesh1_pm.551_#_1, jgi|Copci_AmutBmut1|483280|estExt_fgenesh1_pm.C_3550003		
OG0000260	jgi|Copci_AmutBmut1|381351|e_gw1.369.1.1		VDAG_JR2_Chr4g11290, VDAG_JR2_Chr5g03130
OG0000261	jgi|Copci_AmutBmut1|546965|estExt_Genemark1.C_3900005		VDAG_JR2_Chr5g01410, VDAG_JR2_Chr7g03070
OG0000262	jgi|Copci_AmutBmut1|503625|gm1.11131_g	RhiirFUN_005169-T1_RhiirFUN_005169	VDAG_JR2_Chr1g04610
OG0000263		RhiirFUN_001087-T1_RhiirFUN_001087, RhiirFUN_017865-T1_RhiirFUN_017865, RhiirFUN_023807-T1_RhiirFUN_023807	
OG0000264		RhiirFUN_001088-T1_RhiirFUN_001088, RhiirFUN_016893-T1_RhiirFUN_016893	VDAG_JR2_Chr4g06670
OG0000265		RhiirFUN_001773-T1_RhiirFUN_001773, RhiirFUN_025182-T1_RhiirFUN_025182, RhiirFUN_025184-T1_RhiirFUN_025184	
OG0000266		RhiirFUN_001802-T1_RhiirFUN_001802, RhiirFUN_016270-T1_RhiirFUN_016270, RhiirFUN_019908-T1_RhiirFUN_019908	
OG0000267		RhiirFUN_001914-T1_RhiirFUN_001914, RhiirFUN_020134-T1_RhiirFUN_020134, RhiirFUN_024585-T1_RhiirFUN_024585	
OG0000268		RhiirFUN_003181-T1_RhiirFUN_003181, RhiirFUN_004924-T1_RhiirFUN_004924, RhiirFUN_014175-T1_RhiirFUN_014175	
OG0000269		RhiirFUN_003552-T1_RhiirFUN_003552, RhiirFUN_003553-T1_RhiirFUN_003553, RhiirFUN_012807-T1_RhiirFUN_012807	
OG0000270		RhiirFUN_005854-T1_RhiirFUN_005854, RhiirFUN_005901-T1_RhiirFUN_005901, RhiirFUN_005925-T1_RhiirFUN_005925	
OG0000271		RhiirFUN_006072-T1_RhiirFUN_006072, RhiirFUN_006122-T1_RhiirFUN_006122	VDAG_JR2_Chr1g19600
OG0000272		RhiirFUN_006274-T1_RhiirFUN_006274, RhiirFUN_006278-T1_RhiirFUN_006278, RhiirFUN_023261-T1_RhiirFUN_023261	
OG0000273		RhiirFUN_007343-T1_RhiirFUN_007343, RhiirFUN_007972-T1_RhiirFUN_007972, RhiirFUN_018273-T1_RhiirFUN_018273	
OG0000274		RhiirFUN_007824-T1_RhiirFUN_007824, RhiirFUN_011460-T1_RhiirFUN_011460, RhiirFUN_021901-T1_RhiirFUN_021901	
OG0000275		RhiirFUN_008330-T1_RhiirFUN_008330, RhiirFUN_008331-T1_RhiirFUN_008331, RhiirFUN_008332-T1_RhiirFUN_008332	
OG0000276		RhiirFUN_009246-T1_RhiirFUN_009246	VDAG_JR2_Chr1g04090, VDAG_JR2_Chr8g08690
OG0000277		RhiirFUN_009501-T1_RhiirFUN_009501, RhiirFUN_009769-T1_RhiirFUN_009769, RhiirFUN_023114-T1_RhiirFUN_023114	
OG0000278		RhiirFUN_010839-T1_RhiirFUN_010839, RhiirFUN_013765-T1_RhiirFUN_013765, RhiirFUN_024263-T1_RhiirFUN_024263	
OG0000279		RhiirFUN_011235-T1_RhiirFUN_011235, RhiirFUN_018586-T1_RhiirFUN_018586	VDAG_JR2_Chr6g09360
OG0000280		RhiirFUN_011413-T1_RhiirFUN_011413, RhiirFUN_011434-T1_RhiirFUN_011434, RhiirFUN_021425-T1_RhiirFUN_021425	
OG0000281		RhiirFUN_013665-T1_RhiirFUN_013665, RhiirFUN_024821-T1_RhiirFUN_024821, RhiirFUN_025920-T1_RhiirFUN_025920	
OG0000282		RhiirFUN_015000-T1_RhiirFUN_015000, RhiirFUN_016128-T1_RhiirFUN_016128, RhiirFUN_023897-T1_RhiirFUN_023897	
OG0000283		RhiirFUN_015175-T1_RhiirFUN_015175, RhiirFUN_015176-T1_RhiirFUN_015176, RhiirFUN_022930-T1_RhiirFUN_022930	
OG0000284		RhiirFUN_020077-T1_RhiirFUN_020077, RhiirFUN_020080-T1_RhiirFUN_020080, RhiirFUN_020081-T1_RhiirFUN_020081	
OG0000285		RhiirFUN_023825-T1_RhiirFUN_023825	VDAG_JR2_Chr1g07060, VDAG_JR2_Chr6g06960
OG0000286			VDAG_JR2_Chr1g06580, VDAG_JR2_Chr2g04340, VDAG_JR2_Chr5g10090
OG0000287			VDAG_JR2_Chr1g06940, VDAG_JR2_Chr1g23420, VDAG_JR2_Chr2g04570
OG0000288			VDAG_JR2_Chr1g20460, VDAG_JR2_Chr2g13240, VDAG_JR2_Chr6g05900
OG0000289			VDAG_JR2_Chr1g21690, VDAG_JR2_Chr4g04660, VDAG_JR2_Chr4g11590
OG0000290			VDAG_JR2_Chr1g22100, VDAG_JR2_Chr1g28840, VDAG_JR2_Chr3g00620
OG0000291			VDAG_JR2_Chr1g23570, VDAG_JR2_Chr5g02440, VDAG_JR2_Chr6g08100
OG0000292			VDAG_JR2_Chr1g24120, VDAG_JR2_Chr2g04370, VDAG_JR2_Chr8g00670
OG0000293			VDAG_JR2_Chr1g24380, VDAG_JR2_Chr2g07730, VDAG_JR2_Chr5g08380
OG0000294			VDAG_JR2_Chr1g25430, VDAG_JR2_Chr3g11710, VDAG_JR2_Chr6g01070
OG0000295			VDAG_JR2_Chr1g28210, VDAG_JR2_Chr5g11920, VDAG_JR2_Chr6g09170
OG0000296			VDAG_JR2_Chr2g02980, VDAG_JR2_Chr2g04510, VDAG_JR2_Chr3g11150
OG0000297			VDAG_JR2_Chr2g03530, VDAG_JR2_Chr3g10290, VDAG_JR2_Chr5g03000
OG0000298			VDAG_JR2_Chr2g06830, VDAG_JR2_Chr3g11080, VDAG_JR2_Chr5g05890
OG0000299			VDAG_JR2_Chr3g02100, VDAG_JR2_Chr4g00650, VDAG_JR2_Chr8g09260
OG0000300			VDAG_JR2_Chr3g11700, VDAG_JR2_Chr4g10260, VDAG_JR2_Chr8g09270
OG0000301			VDAG_JR2_Chr3g12630, VDAG_JR2_Chr4g12190, VDAG_JR2_Chr5g03970
OG0000302			VDAG_JR2_Chr4g04340, VDAG_JR2_Chr4g10190, VDAG_JR2_Chr6g06300
OG0000303	jgi|Copci_AmutBmut1|537800|estExt_Genemark1.C_30086		VDAG_JR2_Chr8g05200
OG0000304	jgi|Copci_AmutBmut1|492834|gm1.340_g		VDAG_JR2_Chr6g00450
OG0000305	jgi|Copci_AmutBmut1|457039|fgenesh1_pg.34_#_39, jgi|Copci_AmutBmut1|98315|CE98314_23436		
OG0000306	jgi|Copci_AmutBmut1|473791|estExt_fgenesh1_pm.C_20038, jgi|Copci_AmutBmut1|492752|gm1.258_g		
OG0000307	jgi|Copci_AmutBmut1|96250|CE96249_1124		VDAG_JR2_Chr3g06580
OG0000308	jgi|Copci_AmutBmut1|492692|gm1.198_g		VDAG_JR2_Chr1g14060
OG0000309	jgi|Copci_AmutBmut1|353871|e_gw1.1.95.1		VDAG_JR2_Chr7g05700
OG0000310	jgi|Copci_AmutBmut1|355983|e_gw1.4.337.1		VDAG_JR2_Chr1g03100
OG0000311	jgi|Copci_AmutBmut1|192252|CE192251_62039	RhiirFUN_019361-T1_RhiirFUN_019361	
OG0000312	jgi|Copci_AmutBmut1|462618|fgenesh1_pm.117_#_19, jgi|Copci_AmutBmut1|470571|fgenesh1_pm.5_#_111		
OG0000313	jgi|Copci_AmutBmut1|356770|e_gw1.6.100.1	RhiirFUN_001953-T1_RhiirFUN_001953	
OG0000314	jgi|Copci_AmutBmut1|472112|fgenesh1_pm.7_#_128		VDAG_JR2_Chr1g04880
OG0000315	jgi|Copci_AmutBmut1|268213|CE268212_1521		VDAG_JR2_Chr8g09250
OG0000316	jgi|Copci_AmutBmut1|268966|CE268965_2844, jgi|Copci_AmutBmut1|473420|fgenesh1_pm.96_#_23		
OG0000317	jgi|Copci_AmutBmut1|493867|gm1.1373_g	RhiirFUN_011515-T1_RhiirFUN_011515	
OG0000318	jgi|Copci_AmutBmut1|493874|gm1.1380_g	RhiirFUN_004320-T1_RhiirFUN_004320	
OG0000319	jgi|Copci_AmutBmut1|461959|fgenesh1_pm.10_#_115		VDAG_JR2_Chr6g03510
OG0000320	jgi|Copci_AmutBmut1|475231|estExt_fgenesh1_pm.C_110059		VDAG_JR2_Chr1g05070
OG0000321	jgi|Copci_AmutBmut1|358430|e_gw1.11.229.1		VDAG_JR2_Chr7g07750
OG0000322	jgi|Copci_AmutBmut1|358826|e_gw1.12.240.1		VDAG_JR2_Chr5g03480
OG0000323	jgi|Copci_AmutBmut1|358930|e_gw1.13.173.1		VDAG_JR2_Chr7g00980
OG0000324	jgi|Copci_AmutBmut1|358887|e_gw1.13.267.1		VDAG_JR2_Chr7g01210
OG0000325	jgi|Copci_AmutBmut1|40930|CE40929_6205		VDAG_JR2_Chr1g07620
OG0000326	jgi|Copci_AmutBmut1|415885|estExt_Genewise1Plus.C_140074, jgi|Copci_AmutBmut1|518209|MIX13761_3_25		
OG0000327	jgi|Copci_AmutBmut1|381999|e_gw1.412.9.1, jgi|Copci_AmutBmut1|494544|gm1.2050_g		
OG0000328	jgi|Copci_AmutBmut1|359282|e_gw1.14.171.1		VDAG_JR2_Chr5g03050
OG0000329	jgi|Copci_AmutBmut1|416128|estExt_Genewise1Plus.C_150063		VDAG_JR2_Chr5g00380
OG0000330	jgi|Copci_AmutBmut1|359649|e_gw1.15.272.1, jgi|Copci_AmutBmut1|56681|CE56680_51150		
OG0000331	jgi|Copci_AmutBmut1|360717|e_gw1.19.196.1		VDAG_JR2_Chr6g10830
OG0000332	jgi|Copci_AmutBmut1|465586|fgenesh1_pm.20_#_20, jgi|Copci_AmutBmut1|495146|gm1.2652_g		
OG0000333	jgi|Copci_AmutBmut1|465604|fgenesh1_pm.20_#_38	RhiirFUN_026428-T1_RhiirFUN_026428	
OG0000334	jgi|Copci_AmutBmut1|476446|estExt_fgenesh1_pm.C_240022		VDAG_JR2_Chr1g13680
OG0000335	jgi|Copci_AmutBmut1|125585|CE125584_548		VDAG_JR2_Chr5g04090
OG0000336	jgi|Copci_AmutBmut1|448984|fgenesh1_kg.641_#_1_#_Locus25029v1rpkm0.50, jgi|Copci_AmutBmut1|455263|fgenesh1_pg.24_#_39		
OG0000337	jgi|Copci_AmutBmut1|443013|fgenesh1_kg.24_#_68_#_Locus22561v1rpkm0.84	RhiirFUN_019953-T1_RhiirFUN_019953	
OG0000338	jgi|Copci_AmutBmut1|466576|fgenesh1_pm.24_#_66		VDAG_JR2_Chr7g02070
OG0000339	jgi|Copci_AmutBmut1|141718|CE141717_73080, jgi|Copci_AmutBmut1|362437|e_gw1.27.120.1		
OG0000340	jgi|Copci_AmutBmut1|362458|e_gw1.27.53.1		VDAG_JR2_Chr1g29480
OG0000341	jgi|Copci_AmutBmut1|444028|fgenesh1_kg.28_#_44_#_Locus18383v1rpkm2.58		VDAG_JR2_Chr1g29730
OG0000342	jgi|Copci_AmutBmut1|486333|estExt_fgenesh1_pg.C_290041		VDAG_JR2_Chr1g10350
OG0000343	jgi|Copci_AmutBmut1|363089|e_gw1.31.92.1		VDAG_JR2_Chr6g09790
OG0000344	jgi|Copci_AmutBmut1|445063|fgenesh1_kg.32_#_2_#_Locus6982v1rpkm47.35, jgi|Copci_AmutBmut1|446192|fgenesh1_kg.39_#_37_#_Locus13847v1rpkm10.22		
OG0000345	jgi|Copci_AmutBmut1|394254|estExt_Genewise1.C_380008		VDAG_JR2_Chr2g06320
OG0000346	jgi|Copci_AmutBmut1|496352|gm1.3858_g	RhiirFUN_011043-T1_RhiirFUN_011043	
OG0000347	jgi|Copci_AmutBmut1|366089|e_gw1.53.68.1, jgi|Copci_AmutBmut1|446046|fgenesh1_kg.38_#_21_#_Locus18230v1rpkm2.70		
OG0000348	jgi|Copci_AmutBmut1|420416|estExt_Genewise1Plus.C_380045		VDAG_JR2_Chr2g08790
OG0000349	jgi|Copci_AmutBmut1|364173|e_gw1.38.80.1		VDAG_JR2_Chr1g29650
OG0000350	jgi|Copci_AmutBmut1|469186|fgenesh1_pm.39_#_20		VDAG_JR2_Chr6g06730
OG0000351	jgi|Copci_AmutBmut1|446840|fgenesh1_kg.42_#_52_#_Locus11379v2rpkm18.70, jgi|Copci_AmutBmut1|69185|CE69184_2323		
OG0000352	jgi|Copci_AmutBmut1|364806|e_gw1.43.7.1		VDAG_JR2_Chr1g26180
OG0000353	jgi|Copci_AmutBmut1|447136|fgenesh1_kg.45_#_38_#_Locus13861v1rpkm10.19		VDAG_JR2_Chr4g07120
OG0000354	jgi|Copci_AmutBmut1|458350|fgenesh1_pg.45_#_41, jgi|Copci_AmutBmut1|78464|CE78463_2499		
OG0000355	jgi|Copci_AmutBmut1|526754|MIX22306_8458_47	RhiirFUN_009217-T1_RhiirFUN_009217	
OG0000356	jgi|Copci_AmutBmut1|470305|fgenesh1_pm.48_#_43		VDAG_JR2_Chr8g03290
OG0000357	jgi|Copci_AmutBmut1|470387|fgenesh1_pm.49_#_21		VDAG_JR2_Chr5g03500
OG0000358	jgi|Copci_AmutBmut1|221814|CE221813_12447		VDAG_JR2_Chr1g07210
OG0000359	jgi|Copci_AmutBmut1|470878|fgenesh1_pm.53_#_50		VDAG_JR2_Chr1g19320
OG0000360	jgi|Copci_AmutBmut1|366366|e_gw1.55.141.1		VDAG_JR2_Chr3g09210
OG0000361	jgi|Copci_AmutBmut1|422563|estExt_Genewise1Plus.C_560084, jgi|Copci_AmutBmut1|437401|fgenesh1_kg.106_#_19_#_Locus220v1rpkm701.29		
OG0000362	jgi|Copci_AmutBmut1|459362|fgenesh1_pg.57_#_38		VDAG_JR2_Chr7g02760
OG0000363	jgi|Copci_AmutBmut1|459478|fgenesh1_pg.59_#_31		VDAG_JR2_Chr1g14530
OG0000364	jgi|Copci_AmutBmut1|396874|estExt_Genewise1.C_600094, jgi|Copci_AmutBmut1|448750|fgenesh1_kg.60_#_44_#_Locus23167v1rpkm0.73		
OG0000365	jgi|Copci_AmutBmut1|497531|gm1.5037_g, jgi|Copci_AmutBmut1|499958|gm1.7464_g		
OG0000366	jgi|Copci_AmutBmut1|247679|CE247678_5270, jgi|Copci_AmutBmut1|523584|MIX19136_2_15		
OG0000367	jgi|Copci_AmutBmut1|497739|gm1.5245_g		VDAG_JR2_Chr1g13930
OG0000368	jgi|Copci_AmutBmut1|250720|CE250719_1609		VDAG_JR2_Chr3g02970
OG0000369	jgi|Copci_AmutBmut1|497939|gm1.5445_g		VDAG_JR2_Chr6g05260
OG0000370	jgi|Copci_AmutBmut1|368217|e_gw1.72.84.1		VDAG_JR2_Chr1g01250
OG0000371	jgi|Copci_AmutBmut1|263775|CE263774_4208, jgi|Copci_AmutBmut1|379370|e_gw1.282.9.1		
OG0000372	jgi|Copci_AmutBmut1|449960|fgenesh1_kg.79_#_34_#_Locus10291v1rpkm24.23		VDAG_JR2_Chr5g12000
OG0000373	jgi|Copci_AmutBmut1|450153|fgenesh1_kg.80_#_20_#_Locus13595v1rpkm10.90, jgi|Copci_AmutBmut1|498231|gm1.5737_g		
OG0000374	jgi|Copci_AmutBmut1|369035|e_gw1.80.91.1	RhiirFUN_017428-T1_RhiirFUN_017428	
OG0000375	jgi|Copci_AmutBmut1|276400|CE276399_204, jgi|Copci_AmutBmut1|472854|fgenesh1_pm.84_#_9		
OG0000376	jgi|Copci_AmutBmut1|450594|fgenesh1_kg.89_#_36_#_Locus12770v1rpkm13.41, jgi|Copci_AmutBmut1|488526|estExt_fgenesh1_pg.C_890012		
OG0000377	jgi|Copci_AmutBmut1|473230|fgenesh1_pm.91_#_7		VDAG_JR2_Chr3g04120
OG0000378	jgi|Copci_AmutBmut1|473268|fgenesh1_pm.92_#_18		VDAG_JR2_Chr8g11020
OG0000379	jgi|Copci_AmutBmut1|450935|fgenesh1_kg.94_#_9_#_Locus16984v4rpkm0.51, jgi|Copci_AmutBmut1|543056|estExt_Genemark1.C_940009		
OG0000380	jgi|Copci_AmutBmut1|426087|estExt_Genewise1Plus.C_960044		VDAG_JR2_Chr6g02980
OG0000381	jgi|Copci_AmutBmut1|426342|estExt_Genewise1Plus.C_990058, jgi|Copci_AmutBmut1|488795|estExt_fgenesh1_pg.C_990021		
OG0000382	jgi|Copci_AmutBmut1|41081|CE41080_43049, jgi|Copci_AmutBmut1|451157|fgenesh1_kg.99_#_33_#_Locus3140v1rpkm109.48		
OG0000383	jgi|Copci_AmutBmut1|451588|fgenesh1_pg.106_#_5		VDAG_JR2_Chr4g12120
OG0000384	jgi|Copci_AmutBmut1|371148|e_gw1.106.48.1		VDAG_JR2_Chr1g22410
OG0000385	jgi|Copci_AmutBmut1|479915|estExt_fgenesh1_pm.C_1080008, jgi|Copci_AmutBmut1|543440|estExt_Genemark1.C_1080009		
OG0000386	jgi|Copci_AmutBmut1|371647|e_gw1.112.30.1		VDAG_JR2_Chr5g03290
OG0000387	jgi|Copci_AmutBmut1|462495|fgenesh1_pm.113_#_2, jgi|Copci_AmutBmut1|499280|gm1.6786_g		
OG0000388	jgi|Copci_AmutBmut1|170090|CE170089_12456, jgi|Copci_AmutBmut1|543657|estExt_Genemark1.C_1160003		
OG0000389	jgi|Copci_AmutBmut1|26527|CE26526_6781, jgi|Copci_AmutBmut1|410280|estExt_Genewise1.C_4720012		
OG0000390	jgi|Copci_AmutBmut1|371957|e_gw1.117.8.1, jgi|Copci_AmutBmut1|381637|e_gw1.386.11.1		
OG0000391	jgi|Copci_AmutBmut1|372376|e_gw1.122.58.1		VDAG_JR2_Chr6g09910
OG0000392	jgi|Copci_AmutBmut1|480705|estExt_fgenesh1_pm.C_1390010	RhiirFUN_003160-T1_RhiirFUN_003160	
OG0000393	jgi|Copci_AmutBmut1|544218|estExt_Genemark1.C_1390014		VDAG_JR2_Chr7g00860
OG0000394	jgi|Copci_AmutBmut1|135623|CE135622_1267, jgi|Copci_AmutBmut1|50628|CE50627_890		
OG0000395	jgi|Copci_AmutBmut1|463626|fgenesh1_pm.142_#_6, jgi|Copci_AmutBmut1|480779|estExt_fgenesh1_pm.C_1420005		
OG0000396	jgi|Copci_AmutBmut1|439473|fgenesh1_kg.148_#_20_#_Locus11885v1rpkm16.74		VDAG_JR2_Chr1g25570
OG0000397	jgi|Copci_AmutBmut1|61145|CE61144_694		VDAG_JR2_Chr2g08810
OG0000398	jgi|Copci_AmutBmut1|464399|fgenesh1_pm.165_#_16		VDAG_JR2_Chr3g05640
OG0000399	jgi|Copci_AmutBmut1|430412|estExt_Genewise1Plus.C_1700052, jgi|Copci_AmutBmut1|502407|gm1.9913_g		
OG0000400	jgi|Copci_AmutBmut1|375666|e_gw1.182.37.1, jgi|Copci_AmutBmut1|435759|estExt_Genewise1Plus.C_4030008		
OG0000401	jgi|Copci_AmutBmut1|545124|estExt_Genemark1.C_1890006		VDAG_JR2_Chr7g04530
OG0000402	jgi|Copci_AmutBmut1|441344|fgenesh1_kg.195_#_5_#_Locus11354v1rpkm18.91, jgi|Copci_AmutBmut1|94288|CE94287_944		
OG0000403	jgi|Copci_AmutBmut1|501073|gm1.8579_g		VDAG_JR2_Chr5g04230
OG0000404	jgi|Copci_AmutBmut1|376383|e_gw1.196.58.1		VDAG_JR2_Chr8g05110
OG0000405	jgi|Copci_AmutBmut1|376474|e_gw1.198.48.1		VDAG_JR2_Chr8g10420
OG0000406	jgi|Copci_AmutBmut1|376503|e_gw1.199.6.1		VDAG_JR2_Chr3g05480
OG0000407	jgi|Copci_AmutBmut1|376687|e_gw1.203.50.1		VDAG_JR2_Chr8g00330
OG0000408	jgi|Copci_AmutBmut1|441999|fgenesh1_kg.206_#_7_#_Locus20802v1rpkm1.29, jgi|Copci_AmutBmut1|442000|fgenesh1_kg.206_#_8_#_Locus15143v1rpkm7.01		
OG0000409	jgi|Copci_AmutBmut1|454764|fgenesh1_pg.214_#_2	RhiirFUN_022995-T1_RhiirFUN_022995	
OG0000410	jgi|Copci_AmutBmut1|377259|e_gw1.217.35.1	RhiirFUN_003170-T1_RhiirFUN_003170	
OG0000411	jgi|Copci_AmutBmut1|121985|CE121984_204, jgi|Copci_AmutBmut1|501639|gm1.9145_g		
OG0000412	jgi|Copci_AmutBmut1|377821|e_gw1.233.26.1, jgi|Copci_AmutBmut1|447393|fgenesh1_kg.470_#_5_#_Locus18165v1rpkm2.76		
OG0000413	jgi|Copci_AmutBmut1|379697|e_gw1.296.21.1, jgi|Copci_AmutBmut1|406855|estExt_Genewise1.C_2380022		
OG0000414	jgi|Copci_AmutBmut1|432992|estExt_Genewise1Plus.C_2420006		VDAG_JR2_Chr1g07830
OG0000415	jgi|Copci_AmutBmut1|443942|fgenesh1_kg.276_#_15_#_Locus13870v1rpkm10.15		VDAG_JR2_Chr4g09960
OG0000416	jgi|Copci_AmutBmut1|408843|estExt_Genewise1.C_3270016, jgi|Copci_AmutBmut1|491420|estExt_fgenesh1_pg.C_2770006		
OG0000417	jgi|Copci_AmutBmut1|502247|gm1.9753_g		VDAG_JR2_Chr2g08500
OG0000418	jgi|Copci_AmutBmut1|456054|fgenesh1_pg.285_#_6		VDAG_JR2_Chr3g06330
OG0000419	jgi|Copci_AmutBmut1|444805|fgenesh1_kg.304_#_8_#_Locus20894v2rpkm0.94, jgi|Copci_AmutBmut1|482944|estExt_fgenesh1_pm.C_3040009		
OG0000420	jgi|Copci_AmutBmut1|456674|fgenesh1_pg.313_#_6		VDAG_JR2_Chr6g02230
OG0000421	jgi|Copci_AmutBmut1|502774|gm1.10280_g		VDAG_JR2_Chr7g10480
OG0000422	jgi|Copci_AmutBmut1|380826|e_gw1.343.9.1, jgi|Copci_AmutBmut1|381022|e_gw1.352.9.1		
OG0000423	jgi|Copci_AmutBmut1|381066|e_gw1.354.1.1	RhiirFUN_018399-T1_RhiirFUN_018399	
OG0000424	jgi|Copci_AmutBmut1|179843|CE179842_509, jgi|Copci_AmutBmut1|503190|gm1.10696_g		
OG0000425	jgi|Copci_AmutBmut1|546891|estExt_Genemark1.C_3700005	RhiirFUN_002373-T1_RhiirFUN_002373	
OG0000426	jgi|Copci_AmutBmut1|523818|MIX19370_924_20, jgi|Copci_AmutBmut1|547222|estExt_Genemark1.C_4710004		
OG0000427	jgi|Copci_AmutBmut1|381674|e_gw1.389.15.1, jgi|Copci_AmutBmut1|446153|fgenesh1_kg.389_#_2_#_Locus28791v1rpkm0.18		
OG0000428	jgi|Copci_AmutBmut1|458198|fgenesh1_pg.434_#_4		VDAG_JR2_Chr1g06530
OG0000429	jgi|Copci_AmutBmut1|447176|fgenesh1_kg.452_#_2_#_Locus1738v1rpkm179.64, jgi|Copci_AmutBmut1|470894|fgenesh1_pm.536_#_1		
OG0000430		RhiirFUN_000162-T1_RhiirFUN_000162, RhiirFUN_003487-T1_RhiirFUN_003487	
OG0000431		RhiirFUN_000496-T1_RhiirFUN_000496	VDAG_JR2_Chr1g15620
OG0000432		RhiirFUN_001032-T1_RhiirFUN_001032, RhiirFUN_007727-T1_RhiirFUN_007727	
OG0000433		RhiirFUN_001104-T1_RhiirFUN_001104, RhiirFUN_001240-T1_RhiirFUN_001240	
OG0000434		RhiirFUN_001261-T1_RhiirFUN_001261, RhiirFUN_008311-T1_RhiirFUN_008311	
OG0000435		RhiirFUN_001748-T1_RhiirFUN_001748	VDAG_JR2_Chr2g05490
OG0000436		RhiirFUN_001937-T1_RhiirFUN_001937, RhiirFUN_001938-T1_RhiirFUN_001938	
OG0000437		RhiirFUN_002096-T1_RhiirFUN_002096	VDAG_JR2_Chr3g11850
OG0000438		RhiirFUN_002375-T1_RhiirFUN_002375, RhiirFUN_018405-T1_RhiirFUN_018405	
OG0000439		RhiirFUN_003179-T1_RhiirFUN_003179	VDAG_JR2_Chr3g05390
OG0000440		RhiirFUN_003775-T1_RhiirFUN_003775, RhiirFUN_024098-T1_RhiirFUN_024098	
OG0000441		RhiirFUN_004063-T1_RhiirFUN_004063, RhiirFUN_021883-T1_RhiirFUN_021883	
OG0000442		RhiirFUN_004317-T1_RhiirFUN_004317	VDAG_JR2_Chr1g03211
OG0000443		RhiirFUN_005155-T1_RhiirFUN_005155, RhiirFUN_006301-T1_RhiirFUN_006301	
OG0000444		RhiirFUN_005172-T1_RhiirFUN_005172, RhiirFUN_019176-T1_RhiirFUN_019176	
OG0000445		RhiirFUN_005258-T1_RhiirFUN_005258, RhiirFUN_010283-T1_RhiirFUN_010283	
OG0000446		RhiirFUN_005817-T1_RhiirFUN_005817	VDAG_JR2_Chr3g09740
OG0000447		RhiirFUN_005948-T1_RhiirFUN_005948, RhiirFUN_013206-T1_RhiirFUN_013206	
OG0000448		RhiirFUN_006001-T1_RhiirFUN_006001, RhiirFUN_007489-T1_RhiirFUN_007489	
OG0000449		RhiirFUN_006187-T1_RhiirFUN_006187	VDAG_JR2_Chr7g09430
OG0000450		RhiirFUN_008166-T1_RhiirFUN_008166, RhiirFUN_016340-T1_RhiirFUN_016340	
OG0000451		RhiirFUN_008879-T1_RhiirFUN_008879, RhiirFUN_017058-T1_RhiirFUN_017058	
OG0000452		RhiirFUN_009449-T1_RhiirFUN_009449	VDAG_JR2_Chr2g04730
OG0000453		RhiirFUN_009629-T1_RhiirFUN_009629	VDAG_JR2_Chr6g00710
OG0000454		RhiirFUN_010635-T1_RhiirFUN_010635, RhiirFUN_021410-T1_RhiirFUN_021410	
OG0000455		RhiirFUN_010895-T1_RhiirFUN_010895, RhiirFUN_019014-T1_RhiirFUN_019014	
OG0000456		RhiirFUN_011046-T1_RhiirFUN_011046, RhiirFUN_024785-T1_RhiirFUN_024785	
OG0000457		RhiirFUN_012132-T1_RhiirFUN_012132, RhiirFUN_022900-T1_RhiirFUN_022900	
OG0000458		RhiirFUN_012662-T1_RhiirFUN_012662	VDAG_JR2_Chr2g12330
OG0000459		RhiirFUN_014304-T1_RhiirFUN_014304, RhiirFUN_017073-T1_RhiirFUN_017073	
OG0000460		RhiirFUN_015091-T1_RhiirFUN_015091, RhiirFUN_024037-T1_RhiirFUN_024037	
OG0000461		RhiirFUN_015172-T1_RhiirFUN_015172	VDAG_JR2_Chr1g20330
OG0000462		RhiirFUN_015655-T1_RhiirFUN_015655, RhiirFUN_024644-T1_RhiirFUN_024644	
OG0000463		RhiirFUN_015773-T1_RhiirFUN_015773, RhiirFUN_017166-T1_RhiirFUN_017166	
OG0000464		RhiirFUN_015945-T1_RhiirFUN_015945	VDAG_JR2_Chr1g14610
OG0000465		RhiirFUN_017377-T1_RhiirFUN_017377, RhiirFUN_018702-T1_RhiirFUN_018702	
OG0000466		RhiirFUN_017427-T1_RhiirFUN_017427	VDAG_JR2_Chr7g06210
OG0000467		RhiirFUN_017698-T1_RhiirFUN_017698, RhiirFUN_021244-T1_RhiirFUN_021244	
OG0000468		RhiirFUN_017998-T1_RhiirFUN_017998, RhiirFUN_019115-T1_RhiirFUN_019115	
OG0000469		RhiirFUN_019384-T1_RhiirFUN_019384	VDAG_JR2_Chr5g08500
OG0000470		RhiirFUN_019967-T1_RhiirFUN_019967, RhiirFUN_019969-T1_RhiirFUN_019969	
OG0000471		RhiirFUN_020014-T1_RhiirFUN_020014	VDAG_JR2_Chr2g08010
OG0000472		RhiirFUN_022044-T1_RhiirFUN_022044	VDAG_JR2_Chr6g04770
OG0000473		RhiirFUN_022490-T1_RhiirFUN_022490	VDAG_JR2_Chr3g12930
OG0000474		RhiirFUN_023116-T1_RhiirFUN_023116, RhiirFUN_023118-T1_RhiirFUN_023118	
OG0000475		RhiirFUN_024818-T1_RhiirFUN_024818, RhiirFUN_024819-T1_RhiirFUN_024819	
OG0000476			VDAG_JR2_Chr1g01700, VDAG_JR2_Chr1g06670
OG0000477			VDAG_JR2_Chr1g01910, VDAG_JR2_Chr2g04780
OG0000478			VDAG_JR2_Chr1g02470, VDAG_JR2_Chr4g05890
OG0000479			VDAG_JR2_Chr1g02950, VDAG_JR2_Chr5g03120
OG0000480			VDAG_JR2_Chr1g03560, VDAG_JR2_Chr2g10630
OG0000481			VDAG_JR2_Chr1g04640, VDAG_JR2_Chr1g15600
OG0000482			VDAG_JR2_Chr1g11350, VDAG_JR2_Chr1g11420
OG0000483			VDAG_JR2_Chr1g11650, VDAG_JR2_Chr8g00890
OG0000484			VDAG_JR2_Chr1g11660, VDAG_JR2_Chr4g03150
OG0000485			VDAG_JR2_Chr1g13350, VDAG_JR2_Chr1g21210
OG0000486			VDAG_JR2_Chr1g13600, VDAG_JR2_Chr1g27160
OG0000487			VDAG_JR2_Chr1g14950, VDAG_JR2_Chr3g12130
OG0000488			VDAG_JR2_Chr1g15380, VDAG_JR2_Chr2g02860
OG0000489			VDAG_JR2_Chr1g15890, VDAG_JR2_Chr4g04650
OG0000490			VDAG_JR2_Chr1g20440, VDAG_JR2_Chr6g06450
OG0000491			VDAG_JR2_Chr1g21780, VDAG_JR2_Chr1g28360
OG0000492			VDAG_JR2_Chr1g22375, VDAG_JR2_Chr4g10420
OG0000493			VDAG_JR2_Chr1g24660, VDAG_JR2_Chr3g01290
OG0000494			VDAG_JR2_Chr1g27400, VDAG_JR2_Chr1g28990
OG0000495			VDAG_JR2_Chr1g27420, VDAG_JR2_Chr2g02990
OG0000496			VDAG_JR2_Chr1g27610, VDAG_JR2_Chr5g09270
OG0000497			VDAG_JR2_Chr1g27790, VDAG_JR2_Chr1g29500
OG0000498			VDAG_JR2_Chr1g28250, VDAG_JR2_Chr5g04420
OG0000499			VDAG_JR2_Chr1g28270, VDAG_JR2_Chr6g10140
OG0000500			VDAG_JR2_Chr1g28980, VDAG_JR2_Chr6g06580
OG0000501			VDAG_JR2_Chr2g01000, VDAG_JR2_Chr8g00520
OG0000502			VDAG_JR2_Chr2g02170, VDAG_JR2_Chr6g05370
OG0000503			VDAG_JR2_Chr2g03680, VDAG_JR2_Chr8g02710
OG0000504			VDAG_JR2_Chr2g04430, VDAG_JR2_Chr8g06080
OG0000505			VDAG_JR2_Chr2g04970, VDAG_JR2_Chr4g04280
OG0000506			VDAG_JR2_Chr2g06820, VDAG_JR2_Chr3g00770
OG0000507			VDAG_JR2_Chr2g08550, VDAG_JR2_Chr4g11870
OG0000508			VDAG_JR2_Chr2g09110, VDAG_JR2_Chr5g01680
OG0000509			VDAG_JR2_Chr2g10960, VDAG_JR2_Chr4g04400
OG0000510			VDAG_JR2_Chr2g12120, VDAG_JR2_Chr5g11350
OG0000511			VDAG_JR2_Chr3g02270, VDAG_JR2_Chr7g03190
OG0000512			VDAG_JR2_Chr3g05550, VDAG_JR2_Chr8g01550
OG0000513			VDAG_JR2_Chr3g05560, VDAG_JR2_Chr8g01540
OG0000514			VDAG_JR2_Chr3g08650, VDAG_JR2_Chr6g09820
OG0000515			VDAG_JR2_Chr3g11890, VDAG_JR2_Chr6g09160
OG0000516			VDAG_JR2_Chr3g12300, VDAG_JR2_Chr4g02050
OG0000517			VDAG_JR2_Chr3g12920, VDAG_JR2_Chr5g04120
OG0000518			VDAG_JR2_Chr4g00890, VDAG_JR2_Chr8g01000
OG0000519			VDAG_JR2_Chr4g01650, VDAG_JR2_Chr8g07470
OG0000520			VDAG_JR2_Chr4g08660, VDAG_JR2_Chr6g10920
OG0000521			VDAG_JR2_Chr4g08670, VDAG_JR2_Chr8g04920
OG0000522			VDAG_JR2_Chr4g09990, VDAG_JR2_Chr8g00720
OG0000523			VDAG_JR2_Chr4g10410, VDAG_JR2_Chr5g04480
OG0000524			VDAG_JR2_Chr4g11740, VDAG_JR2_Chr5g02830
OG0000525			VDAG_JR2_Chr4g12460, VDAG_JR2_Chr8g00870
OG0000526			VDAG_JR2_Chr5g00240, VDAG_JR2_Chr8g02160
OG0000527			VDAG_JR2_Chr5g05830, VDAG_JR2_Chr8g07650
OG0000528			VDAG_JR2_Chr6g01780, VDAG_JR2_Chr7g04160
OG0000529			VDAG_JR2_Chr6g02330, VDAG_JR2_Chr8g00300
OG0000530			VDAG_JR2_Chr6g09340, VDAG_JR2_Chr7g01620
OG0000531			VDAG_JR2_Chr6g09350, VDAG_JR2_Chr8g09660
OG0000532			VDAG_JR2_Chr7g05130, VDAG_JR2_Chr8g02080
OG0000533			VDAG_JR2_Chr8g08300, VDAG_JR2_Chr8g10570
